Cluster ID	Region	Sample Count	Earliest Date	Latest Date	Clade	Lineage	Inferred Origins	Inferred Origin Confidences	Growth Score	Click to View
CO_node_152055	CO	133	2021-07-23	2021-09-09	21A(Delta)	AY.25	TX	0.187101	0.961047	https://cov2tree-git-newnewmeta-theosanderson.vercel.app/?protoUrl=https://raw.githubusercontent.com/jmcbroome/introduction-website/main/data/cview.pb.gz&search=[{"id":0.123,"category":"cluster","value":"CO_CO_node_152055","enabled":true,"aa_final":"any","min_tips":1,"aa_gene":"S","search_for_ids":""}]&colourBy={"variable":"region","gene":"S","colourLines":false,"residue":"681"}&zoomToSearch=0&blinking=false
CO_node_160393	CO	74	2021-08-18	2021-09-27	21A(Delta)	B.1.617.2	TX	0.456812	0.955814	https://cov2tree-git-newnewmeta-theosanderson.vercel.app/?protoUrl=https://raw.githubusercontent.com/jmcbroome/introduction-website/main/data/cview.pb.gz&search=[{"id":0.123,"category":"cluster","value":"CO_CO_node_160393","enabled":true,"aa_final":"any","min_tips":1,"aa_gene":"S","search_for_ids":""}]&colourBy={"variable":"region","gene":"S","colourLines":false,"residue":"681"}&zoomToSearch=0&blinking=false
CO_node_105540	CO	282	2021-06-11	2021-09-23	21A(Delta)	B.1.617.2	NJ	0.0726792	0.932936	https://cov2tree-git-newnewmeta-theosanderson.vercel.app/?protoUrl=https://raw.githubusercontent.com/jmcbroome/introduction-website/main/data/cview.pb.gz&search=[{"id":0.123,"category":"cluster","value":"CO_CO_node_105540","enabled":true,"aa_final":"any","min_tips":1,"aa_gene":"S","search_for_ids":""}]&colourBy={"variable":"region","gene":"S","colourLines":false,"residue":"681"}&zoomToSearch=0&blinking=false
CO_node_186086	CO	323	2021-06-02	2021-09-23	21A(Delta)	B.1.617.2	CA	0.190797	0.89861	https://cov2tree-git-newnewmeta-theosanderson.vercel.app/?protoUrl=https://raw.githubusercontent.com/jmcbroome/introduction-website/main/data/cview.pb.gz&search=[{"id":0.123,"category":"cluster","value":"CO_CO_node_186086","enabled":true,"aa_final":"any","min_tips":1,"aa_gene":"S","search_for_ids":""}]&colourBy={"variable":"region","gene":"S","colourLines":false,"residue":"681"}&zoomToSearch=0&blinking=false
CO_node_193302	CO	7	2021-09-23	2021-09-23	20A	B.1	IL	0.171429	0.881917	https://cov2tree-git-newnewmeta-theosanderson.vercel.app/?protoUrl=https://raw.githubusercontent.com/jmcbroome/introduction-website/main/data/cview.pb.gz&search=[{"id":0.123,"category":"cluster","value":"CO_CO_node_193302","enabled":true,"aa_final":"any","min_tips":1,"aa_gene":"S","search_for_ids":""}]&colourBy={"variable":"region","gene":"S","colourLines":false,"residue":"681"}&zoomToSearch=0&blinking=false
CO_node_158528	CO	131	2021-07-20	2021-09-27	21A(Delta)	B.1.617.2	TX	0.133744	0.880425	https://cov2tree-git-newnewmeta-theosanderson.vercel.app/?protoUrl=https://raw.githubusercontent.com/jmcbroome/introduction-website/main/data/cview.pb.gz&search=[{"id":0.123,"category":"cluster","value":"CO_CO_node_158528","enabled":true,"aa_final":"any","min_tips":1,"aa_gene":"S","search_for_ids":""}]&colourBy={"variable":"region","gene":"S","colourLines":false,"residue":"681"}&zoomToSearch=0&blinking=false
CO_node_130896	CO	19	2021-09-09	2021-09-23	21A(Delta)	B.1.617.2	MN	0.596542	0.87178	https://cov2tree-git-newnewmeta-theosanderson.vercel.app/?protoUrl=https://raw.githubusercontent.com/jmcbroome/introduction-website/main/data/cview.pb.gz&search=[{"id":0.123,"category":"cluster","value":"CO_CO_node_130896","enabled":true,"aa_final":"any","min_tips":1,"aa_gene":"S","search_for_ids":""}]&colourBy={"variable":"region","gene":"S","colourLines":false,"residue":"681"}&zoomToSearch=0&blinking=false
CO_node_139966	CO	127	2021-07-20	2021-09-24	21A(Delta)	B.1.617.2	IL	0.199411	0.866879	https://cov2tree-git-newnewmeta-theosanderson.vercel.app/?protoUrl=https://raw.githubusercontent.com/jmcbroome/introduction-website/main/data/cview.pb.gz&search=[{"id":0.123,"category":"cluster","value":"CO_CO_node_139966","enabled":true,"aa_final":"any","min_tips":1,"aa_gene":"S","search_for_ids":""}]&colourBy={"variable":"region","gene":"S","colourLines":false,"residue":"681"}&zoomToSearch=0&blinking=false
CO_node_157863	CO	290	2021-06-02	2021-09-24	21A(Delta)	AY.25	CA	0.0873142	0.851469	https://cov2tree-git-newnewmeta-theosanderson.vercel.app/?protoUrl=https://raw.githubusercontent.com/jmcbroome/introduction-website/main/data/cview.pb.gz&search=[{"id":0.123,"category":"cluster","value":"CO_CO_node_157863","enabled":true,"aa_final":"any","min_tips":1,"aa_gene":"S","search_for_ids":""}]&colourBy={"variable":"region","gene":"S","colourLines":false,"residue":"681"}&zoomToSearch=0&blinking=false
CO_node_155089	CO	318	2021-05-20	2021-09-22	21A(Delta)	AY.25	MA	0.199883	0.849169	https://cov2tree-git-newnewmeta-theosanderson.vercel.app/?protoUrl=https://raw.githubusercontent.com/jmcbroome/introduction-website/main/data/cview.pb.gz&search=[{"id":0.123,"category":"cluster","value":"CO_CO_node_155089","enabled":true,"aa_final":"any","min_tips":1,"aa_gene":"S","search_for_ids":""}]&colourBy={"variable":"region","gene":"S","colourLines":false,"residue":"681"}&zoomToSearch=0&blinking=false
CO_node_333428	CO	832	2021-02-20	2021-07-09	20I(Alpha,V1)	B.1.1.7	TX	0.138227	0.848365	https://cov2tree-git-newnewmeta-theosanderson.vercel.app/?protoUrl=https://raw.githubusercontent.com/jmcbroome/introduction-website/main/data/cview.pb.gz&search=[{"id":0.123,"category":"cluster","value":"CO_CO_node_333428","enabled":true,"aa_final":"any","min_tips":1,"aa_gene":"S","search_for_ids":""}]&colourBy={"variable":"region","gene":"S","colourLines":false,"residue":"681"}&zoomToSearch=0&blinking=false
CO_node_151731	CO	202	2021-06-19	2021-09-08	21A(Delta)	AY.25	TX	0.187101	0.836039	https://cov2tree-git-newnewmeta-theosanderson.vercel.app/?protoUrl=https://raw.githubusercontent.com/jmcbroome/introduction-website/main/data/cview.pb.gz&search=[{"id":0.123,"category":"cluster","value":"CO_CO_node_151731","enabled":true,"aa_final":"any","min_tips":1,"aa_gene":"S","search_for_ids":""}]&colourBy={"variable":"region","gene":"S","colourLines":false,"residue":"681"}&zoomToSearch=0&blinking=false
CO_node_18434	CO	355	2021-05-10	2021-09-14	21A(Delta)	B.1.617.2	CA	0.195259	0.819193	https://cov2tree-git-newnewmeta-theosanderson.vercel.app/?protoUrl=https://raw.githubusercontent.com/jmcbroome/introduction-website/main/data/cview.pb.gz&search=[{"id":0.123,"category":"cluster","value":"CO_CO_node_18434","enabled":true,"aa_final":"any","min_tips":1,"aa_gene":"S","search_for_ids":""}]&colourBy={"variable":"region","gene":"S","colourLines":false,"residue":"681"}&zoomToSearch=0&blinking=false
CO_node_194377	CO	10	2021-09-22	2021-09-28	20A	B.1	TX	0.368421	0.790569	https://cov2tree-git-newnewmeta-theosanderson.vercel.app/?protoUrl=https://raw.githubusercontent.com/jmcbroome/introduction-website/main/data/cview.pb.gz&search=[{"id":0.123,"category":"cluster","value":"CO_CO_node_194377","enabled":true,"aa_final":"any","min_tips":1,"aa_gene":"S","search_for_ids":""}]&colourBy={"variable":"region","gene":"S","colourLines":false,"residue":"681"}&zoomToSearch=0&blinking=false
CO_node_154287	CO	252	2021-05-20	2021-09-11	21A(Delta)	AY.25	TX	0.255579	0.755929	https://cov2tree-git-newnewmeta-theosanderson.vercel.app/?protoUrl=https://raw.githubusercontent.com/jmcbroome/introduction-website/main/data/cview.pb.gz&search=[{"id":0.123,"category":"cluster","value":"CO_CO_node_154287","enabled":true,"aa_final":"any","min_tips":1,"aa_gene":"S","search_for_ids":""}]&colourBy={"variable":"region","gene":"S","colourLines":false,"residue":"681"}&zoomToSearch=0&blinking=false
CO_node_137436	CO	81	2021-07-20	2021-09-13	21A(Delta)	B.1.617.2	MO	0.143617	0.692308	https://cov2tree-git-newnewmeta-theosanderson.vercel.app/?protoUrl=https://raw.githubusercontent.com/jmcbroome/introduction-website/main/data/cview.pb.gz&search=[{"id":0.123,"category":"cluster","value":"CO_CO_node_137436","enabled":true,"aa_final":"any","min_tips":1,"aa_gene":"S","search_for_ids":""}]&colourBy={"variable":"region","gene":"S","colourLines":false,"residue":"681"}&zoomToSearch=0&blinking=false
CO_node_126099	CO	80	2021-07-19	2021-09-24	21A(Delta)	AY.3	TN	0.281333	0.688021	https://cov2tree-git-newnewmeta-theosanderson.vercel.app/?protoUrl=https://raw.githubusercontent.com/jmcbroome/introduction-website/main/data/cview.pb.gz&search=[{"id":0.123,"category":"cluster","value":"CO_CO_node_126099","enabled":true,"aa_final":"any","min_tips":1,"aa_gene":"S","search_for_ids":""}]&colourBy={"variable":"region","gene":"S","colourLines":false,"residue":"681"}&zoomToSearch=0&blinking=false
CO_node_140631	CO	46	2021-08-11	2021-09-16	21A(Delta)	B.1.617.2	MN	0.318681	0.678233	https://cov2tree-git-newnewmeta-theosanderson.vercel.app/?protoUrl=https://raw.githubusercontent.com/jmcbroome/introduction-website/main/data/cview.pb.gz&search=[{"id":0.123,"category":"cluster","value":"CO_CO_node_140631","enabled":true,"aa_final":"any","min_tips":1,"aa_gene":"S","search_for_ids":""}]&colourBy={"variable":"region","gene":"S","colourLines":false,"residue":"681"}&zoomToSearch=0&blinking=false
CO_node_160357	CO	103	2021-07-07	2021-09-08	21A(Delta)	B.1.617.2	TX	0.456812	0.676593	https://cov2tree-git-newnewmeta-theosanderson.vercel.app/?protoUrl=https://raw.githubusercontent.com/jmcbroome/introduction-website/main/data/cview.pb.gz&search=[{"id":0.123,"category":"cluster","value":"CO_CO_node_160357","enabled":true,"aa_final":"any","min_tips":1,"aa_gene":"S","search_for_ids":""}]&colourBy={"variable":"region","gene":"S","colourLines":false,"residue":"681"}&zoomToSearch=0&blinking=false
CO_node_193508	CO	4	2021-09-24	2021-09-25	20A	B.1	CA	0.337662	0.666667	https://cov2tree-git-newnewmeta-theosanderson.vercel.app/?protoUrl=https://raw.githubusercontent.com/jmcbroome/introduction-website/main/data/cview.pb.gz&search=[{"id":0.123,"category":"cluster","value":"CO_CO_node_193508","enabled":true,"aa_final":"any","min_tips":1,"aa_gene":"S","search_for_ids":""}]&colourBy={"variable":"region","gene":"S","colourLines":false,"residue":"681"}&zoomToSearch=0&blinking=false
CO_node_193652	CO	4	2021-09-23	2021-09-28	20A	B.1	CA	0.254487	0.666667	https://cov2tree-git-newnewmeta-theosanderson.vercel.app/?protoUrl=https://raw.githubusercontent.com/jmcbroome/introduction-website/main/data/cview.pb.gz&search=[{"id":0.123,"category":"cluster","value":"CO_CO_node_193652","enabled":true,"aa_final":"any","min_tips":1,"aa_gene":"S","search_for_ids":""}]&colourBy={"variable":"region","gene":"S","colourLines":false,"residue":"681"}&zoomToSearch=0&blinking=false
CO_node_123521	CO	34	2021-08-17	2021-09-18	21A(Delta)	AY.3	WV	0.430108	0.647884	https://cov2tree-git-newnewmeta-theosanderson.vercel.app/?protoUrl=https://raw.githubusercontent.com/jmcbroome/introduction-website/main/data/cview.pb.gz&search=[{"id":0.123,"category":"cluster","value":"CO_CO_node_123521","enabled":true,"aa_final":"any","min_tips":1,"aa_gene":"S","search_for_ids":""}]&colourBy={"variable":"region","gene":"S","colourLines":false,"residue":"681"}&zoomToSearch=0&blinking=false
CO_node_140852	CO	69	2021-07-15	2021-09-27	21A(Delta)	B.1.617.2	CA	0.609176	0.638971	https://cov2tree-git-newnewmeta-theosanderson.vercel.app/?protoUrl=https://raw.githubusercontent.com/jmcbroome/introduction-website/main/data/cview.pb.gz&search=[{"id":0.123,"category":"cluster","value":"CO_CO_node_140852","enabled":true,"aa_final":"any","min_tips":1,"aa_gene":"S","search_for_ids":""}]&colourBy={"variable":"region","gene":"S","colourLines":false,"residue":"681"}&zoomToSearch=0&blinking=false
CO_node_123845	CO	33	2021-08-14	2021-09-24	21A(Delta)	AY.3	indeterminate	0	0.638285	https://cov2tree-git-newnewmeta-theosanderson.vercel.app/?protoUrl=https://raw.githubusercontent.com/jmcbroome/introduction-website/main/data/cview.pb.gz&search=[{"id":0.123,"category":"cluster","value":"CO_CO_node_123845","enabled":true,"aa_final":"any","min_tips":1,"aa_gene":"S","search_for_ids":""}]&colourBy={"variable":"region","gene":"S","colourLines":false,"residue":"681"}&zoomToSearch=0&blinking=false
CO_node_324195	CO	439	2021-02-26	2021-07-07	20I(Alpha,V1)	B.1.1.7	NJ	0.283147	0.634919	https://cov2tree-git-newnewmeta-theosanderson.vercel.app/?protoUrl=https://raw.githubusercontent.com/jmcbroome/introduction-website/main/data/cview.pb.gz&search=[{"id":0.123,"category":"cluster","value":"CO_CO_node_324195","enabled":true,"aa_final":"any","min_tips":1,"aa_gene":"S","search_for_ids":""}]&colourBy={"variable":"region","gene":"S","colourLines":false,"residue":"681"}&zoomToSearch=0&blinking=false
CO_node_23604	CO	45	2021-07-29	2021-09-14	21A(Delta)	B.1.617.2	UT	0.143382	0.609837	https://cov2tree-git-newnewmeta-theosanderson.vercel.app/?protoUrl=https://raw.githubusercontent.com/jmcbroome/introduction-website/main/data/cview.pb.gz&search=[{"id":0.123,"category":"cluster","value":"CO_CO_node_23604","enabled":true,"aa_final":"any","min_tips":1,"aa_gene":"S","search_for_ids":""}]&colourBy={"variable":"region","gene":"S","colourLines":false,"residue":"681"}&zoomToSearch=0&blinking=false
CO_node_337214	CO	354	2021-03-16	2021-07-09	20I(Alpha,V1)	B.1.1.7	CA	0.169014	0.606932	https://cov2tree-git-newnewmeta-theosanderson.vercel.app/?protoUrl=https://raw.githubusercontent.com/jmcbroome/introduction-website/main/data/cview.pb.gz&search=[{"id":0.123,"category":"cluster","value":"CO_CO_node_337214","enabled":true,"aa_final":"any","min_tips":1,"aa_gene":"S","search_for_ids":""}]&colourBy={"variable":"region","gene":"S","colourLines":false,"residue":"681"}&zoomToSearch=0&blinking=false
CO_node_26603	CO	131	2021-06-07	2021-09-28	21A(Delta)	B.1.617.2	CA	0.195259	0.602396	https://cov2tree-git-newnewmeta-theosanderson.vercel.app/?protoUrl=https://raw.githubusercontent.com/jmcbroome/introduction-website/main/data/cview.pb.gz&search=[{"id":0.123,"category":"cluster","value":"CO_CO_node_26603","enabled":true,"aa_final":"any","min_tips":1,"aa_gene":"S","search_for_ids":""}]&colourBy={"variable":"region","gene":"S","colourLines":false,"residue":"681"}&zoomToSearch=0&blinking=false
CO_node_150898	CO	104	2021-06-23	2021-09-01	21A(Delta)	AY.25	TX	0.187101	0.599885	https://cov2tree-git-newnewmeta-theosanderson.vercel.app/?protoUrl=https://raw.githubusercontent.com/jmcbroome/introduction-website/main/data/cview.pb.gz&search=[{"id":0.123,"category":"cluster","value":"CO_CO_node_150898","enabled":true,"aa_final":"any","min_tips":1,"aa_gene":"S","search_for_ids":""}]&colourBy={"variable":"region","gene":"S","colourLines":false,"residue":"681"}&zoomToSearch=0&blinking=false
CO_node_29860	CO	102	2021-06-18	2021-08-25	21A(Delta)	B.1.617.2	UT	0.457579	0.594088	https://cov2tree-git-newnewmeta-theosanderson.vercel.app/?protoUrl=https://raw.githubusercontent.com/jmcbroome/introduction-website/main/data/cview.pb.gz&search=[{"id":0.123,"category":"cluster","value":"CO_CO_node_29860","enabled":true,"aa_final":"any","min_tips":1,"aa_gene":"S","search_for_ids":""}]&colourBy={"variable":"region","gene":"S","colourLines":false,"residue":"681"}&zoomToSearch=0&blinking=false
CO_node_125207	CO	22	2021-08-19	2021-09-22	21A(Delta)	AY.3.1	NC	0.130682	0.586302	https://cov2tree-git-newnewmeta-theosanderson.vercel.app/?protoUrl=https://raw.githubusercontent.com/jmcbroome/introduction-website/main/data/cview.pb.gz&search=[{"id":0.123,"category":"cluster","value":"CO_CO_node_125207","enabled":true,"aa_final":"any","min_tips":1,"aa_gene":"S","search_for_ids":""}]&colourBy={"variable":"region","gene":"S","colourLines":false,"residue":"681"}&zoomToSearch=0&blinking=false
CO_node_194389	CO	3	2021-09-23	2021-09-23	20A	B.1	TX	0.211921	0.57735	https://cov2tree-git-newnewmeta-theosanderson.vercel.app/?protoUrl=https://raw.githubusercontent.com/jmcbroome/introduction-website/main/data/cview.pb.gz&search=[{"id":0.123,"category":"cluster","value":"CO_CO_node_194389","enabled":true,"aa_final":"any","min_tips":1,"aa_gene":"S","search_for_ids":""}]&colourBy={"variable":"region","gene":"S","colourLines":false,"residue":"681"}&zoomToSearch=0&blinking=false
CO_node_148919	CO	74	2021-07-07	2021-09-10	21A(Delta)	AY.25	TX	0.12201	0.573488	https://cov2tree-git-newnewmeta-theosanderson.vercel.app/?protoUrl=https://raw.githubusercontent.com/jmcbroome/introduction-website/main/data/cview.pb.gz&search=[{"id":0.123,"category":"cluster","value":"CO_CO_node_148919","enabled":true,"aa_final":"any","min_tips":1,"aa_gene":"S","search_for_ids":""}]&colourBy={"variable":"region","gene":"S","colourLines":false,"residue":"681"}&zoomToSearch=0&blinking=false
CO_node_23061	CO	55	2021-07-17	2021-09-07	21A(Delta)	B.1.617.2	CA	0.367667	0.570477	https://cov2tree-git-newnewmeta-theosanderson.vercel.app/?protoUrl=https://raw.githubusercontent.com/jmcbroome/introduction-website/main/data/cview.pb.gz&search=[{"id":0.123,"category":"cluster","value":"CO_CO_node_23061","enabled":true,"aa_final":"any","min_tips":1,"aa_gene":"S","search_for_ids":""}]&colourBy={"variable":"region","gene":"S","colourLines":false,"residue":"681"}&zoomToSearch=0&blinking=false
CO_node_26851	CO	105	2021-06-15	2021-09-10	21A(Delta)	B.1.617.2	CA	0.195259	0.569275	https://cov2tree-git-newnewmeta-theosanderson.vercel.app/?protoUrl=https://raw.githubusercontent.com/jmcbroome/introduction-website/main/data/cview.pb.gz&search=[{"id":0.123,"category":"cluster","value":"CO_CO_node_26851","enabled":true,"aa_final":"any","min_tips":1,"aa_gene":"S","search_for_ids":""}]&colourBy={"variable":"region","gene":"S","colourLines":false,"residue":"681"}&zoomToSearch=0&blinking=false
CO_node_178801	CO	8	2021-09-13	2021-09-21	21A(Delta)	AY.26	AZ	0.285714	0.565685	https://cov2tree-git-newnewmeta-theosanderson.vercel.app/?protoUrl=https://raw.githubusercontent.com/jmcbroome/introduction-website/main/data/cview.pb.gz&search=[{"id":0.123,"category":"cluster","value":"CO_CO_node_178801","enabled":true,"aa_final":"any","min_tips":1,"aa_gene":"S","search_for_ids":""}]&colourBy={"variable":"region","gene":"S","colourLines":false,"residue":"681"}&zoomToSearch=0&blinking=false
CO_node_152450	CO	46	2021-07-22	2021-09-10	21A(Delta)	AY.25	TX	0.173913	0.565194	https://cov2tree-git-newnewmeta-theosanderson.vercel.app/?protoUrl=https://raw.githubusercontent.com/jmcbroome/introduction-website/main/data/cview.pb.gz&search=[{"id":0.123,"category":"cluster","value":"CO_CO_node_152450","enabled":true,"aa_final":"any","min_tips":1,"aa_gene":"S","search_for_ids":""}]&colourBy={"variable":"region","gene":"S","colourLines":false,"residue":"681"}&zoomToSearch=0&blinking=false
CO_node_155640	CO	5	2021-09-17	2021-09-22	21A(Delta)	AY.25	TN	0.416667	0.559017	https://cov2tree-git-newnewmeta-theosanderson.vercel.app/?protoUrl=https://raw.githubusercontent.com/jmcbroome/introduction-website/main/data/cview.pb.gz&search=[{"id":0.123,"category":"cluster","value":"CO_CO_node_155640","enabled":true,"aa_final":"any","min_tips":1,"aa_gene":"S","search_for_ids":""}]&colourBy={"variable":"region","gene":"S","colourLines":false,"residue":"681"}&zoomToSearch=0&blinking=false
CO_node_127602	CO	60	2021-07-09	2021-09-21	21A(Delta)	AY.3	FL	0.0810811	0.553283	https://cov2tree-git-newnewmeta-theosanderson.vercel.app/?protoUrl=https://raw.githubusercontent.com/jmcbroome/introduction-website/main/data/cview.pb.gz&search=[{"id":0.123,"category":"cluster","value":"CO_CO_node_127602","enabled":true,"aa_final":"any","min_tips":1,"aa_gene":"S","search_for_ids":""}]&colourBy={"variable":"region","gene":"S","colourLines":false,"residue":"681"}&zoomToSearch=0&blinking=false
CO_node_18956	CO	30	2021-08-06	2021-09-13	21A(Delta)	B.1.617.2	MN	0.0917431	0.547723	https://cov2tree-git-newnewmeta-theosanderson.vercel.app/?protoUrl=https://raw.githubusercontent.com/jmcbroome/introduction-website/main/data/cview.pb.gz&search=[{"id":0.123,"category":"cluster","value":"CO_CO_node_18956","enabled":true,"aa_final":"any","min_tips":1,"aa_gene":"S","search_for_ids":""}]&colourBy={"variable":"region","gene":"S","colourLines":false,"residue":"681"}&zoomToSearch=0&blinking=false
CO_node_157375	CO	35	2021-08-04	2021-09-21	21A(Delta)	AY.25	LA	0.193342	0.537825	https://cov2tree-git-newnewmeta-theosanderson.vercel.app/?protoUrl=https://raw.githubusercontent.com/jmcbroome/introduction-website/main/data/cview.pb.gz&search=[{"id":0.123,"category":"cluster","value":"CO_CO_node_157375","enabled":true,"aa_final":"any","min_tips":1,"aa_gene":"S","search_for_ids":""}]&colourBy={"variable":"region","gene":"S","colourLines":false,"residue":"681"}&zoomToSearch=0&blinking=false
CO_node_133872	CO	14	2021-08-26	2021-09-27	21A(Delta)	B.1.617.2	CA	0.78	0.534522	https://cov2tree-git-newnewmeta-theosanderson.vercel.app/?protoUrl=https://raw.githubusercontent.com/jmcbroome/introduction-website/main/data/cview.pb.gz&search=[{"id":0.123,"category":"cluster","value":"CO_CO_node_133872","enabled":true,"aa_final":"any","min_tips":1,"aa_gene":"S","search_for_ids":""}]&colourBy={"variable":"region","gene":"S","colourLines":false,"residue":"681"}&zoomToSearch=0&blinking=false
CO_node_21245	CO	114	2021-05-27	2021-09-03	21A(Delta)	B.1.617.2	CA	0.195259	0.533854	https://cov2tree-git-newnewmeta-theosanderson.vercel.app/?protoUrl=https://raw.githubusercontent.com/jmcbroome/introduction-website/main/data/cview.pb.gz&search=[{"id":0.123,"category":"cluster","value":"CO_CO_node_21245","enabled":true,"aa_final":"any","min_tips":1,"aa_gene":"S","search_for_ids":""}]&colourBy={"variable":"region","gene":"S","colourLines":false,"residue":"681"}&zoomToSearch=0&blinking=false
CO_node_152533	CO	7	2021-09-13	2021-09-21	21A(Delta)	AY.25	MA	0.275434	0.52915	https://cov2tree-git-newnewmeta-theosanderson.vercel.app/?protoUrl=https://raw.githubusercontent.com/jmcbroome/introduction-website/main/data/cview.pb.gz&search=[{"id":0.123,"category":"cluster","value":"CO_CO_node_152533","enabled":true,"aa_final":"any","min_tips":1,"aa_gene":"S","search_for_ids":""}]&colourBy={"variable":"region","gene":"S","colourLines":false,"residue":"681"}&zoomToSearch=0&blinking=false
CO_node_149194	CO	71	2021-06-30	2021-08-31	21A(Delta)	AY.25	FL	0.215222	0.526634	https://cov2tree-git-newnewmeta-theosanderson.vercel.app/?protoUrl=https://raw.githubusercontent.com/jmcbroome/introduction-website/main/data/cview.pb.gz&search=[{"id":0.123,"category":"cluster","value":"CO_CO_node_149194","enabled":true,"aa_final":"any","min_tips":1,"aa_gene":"S","search_for_ids":""}]&colourBy={"variable":"region","gene":"S","colourLines":false,"residue":"681"}&zoomToSearch=0&blinking=false
CO_node_151816	CO	54	2021-07-11	2021-09-08	21A(Delta)	AY.25	TX	0.187101	0.524891	https://cov2tree-git-newnewmeta-theosanderson.vercel.app/?protoUrl=https://raw.githubusercontent.com/jmcbroome/introduction-website/main/data/cview.pb.gz&search=[{"id":0.123,"category":"cluster","value":"CO_CO_node_151816","enabled":true,"aa_final":"any","min_tips":1,"aa_gene":"S","search_for_ids":""}]&colourBy={"variable":"region","gene":"S","colourLines":false,"residue":"681"}&zoomToSearch=0&blinking=false
CO_node_195253	CO	22	2021-08-16	2021-09-28	20A	B.1	CA	0.142624	0.521157	https://cov2tree-git-newnewmeta-theosanderson.vercel.app/?protoUrl=https://raw.githubusercontent.com/jmcbroome/introduction-website/main/data/cview.pb.gz&search=[{"id":0.123,"category":"cluster","value":"CO_CO_node_195253","enabled":true,"aa_final":"any","min_tips":1,"aa_gene":"S","search_for_ids":""}]&colourBy={"variable":"region","gene":"S","colourLines":false,"residue":"681"}&zoomToSearch=0&blinking=false
CO_node_152154	CO	69	2021-06-28	2021-09-21	21A(Delta)	AY.25	TX	0.187101	0.519164	https://cov2tree-git-newnewmeta-theosanderson.vercel.app/?protoUrl=https://raw.githubusercontent.com/jmcbroome/introduction-website/main/data/cview.pb.gz&search=[{"id":0.123,"category":"cluster","value":"CO_CO_node_152154","enabled":true,"aa_final":"any","min_tips":1,"aa_gene":"S","search_for_ids":""}]&colourBy={"variable":"region","gene":"S","colourLines":false,"residue":"681"}&zoomToSearch=0&blinking=false
CO_node_122277	CO	69	2021-06-27	2021-09-09	21A(Delta)	AY.3	MO	0.22688	0.519164	https://cov2tree-git-newnewmeta-theosanderson.vercel.app/?protoUrl=https://raw.githubusercontent.com/jmcbroome/introduction-website/main/data/cview.pb.gz&search=[{"id":0.123,"category":"cluster","value":"CO_CO_node_122277","enabled":true,"aa_final":"any","min_tips":1,"aa_gene":"S","search_for_ids":""}]&colourBy={"variable":"region","gene":"S","colourLines":false,"residue":"681"}&zoomToSearch=0&blinking=false
CO_node_122459	CO	77	2021-06-23	2021-09-28	21A(Delta)	AY.3	MN	0.112712	0.516174	https://cov2tree-git-newnewmeta-theosanderson.vercel.app/?protoUrl=https://raw.githubusercontent.com/jmcbroome/introduction-website/main/data/cview.pb.gz&search=[{"id":0.123,"category":"cluster","value":"CO_CO_node_122459","enabled":true,"aa_final":"any","min_tips":1,"aa_gene":"S","search_for_ids":""}]&colourBy={"variable":"region","gene":"S","colourLines":false,"residue":"681"}&zoomToSearch=0&blinking=false
CO_node_131756	CO	17	2021-08-20	2021-09-13	21A(Delta)	B.1.617.2	NC	0.16	0.515388	https://cov2tree-git-newnewmeta-theosanderson.vercel.app/?protoUrl=https://raw.githubusercontent.com/jmcbroome/introduction-website/main/data/cview.pb.gz&search=[{"id":0.123,"category":"cluster","value":"CO_CO_node_131756","enabled":true,"aa_final":"any","min_tips":1,"aa_gene":"S","search_for_ids":""}]&colourBy={"variable":"region","gene":"S","colourLines":false,"residue":"681"}&zoomToSearch=0&blinking=false
CO_node_189178	CO	32	2021-08-04	2021-08-27	20A	B.1.617.2	CA	0.540608	0.514259	https://cov2tree-git-newnewmeta-theosanderson.vercel.app/?protoUrl=https://raw.githubusercontent.com/jmcbroome/introduction-website/main/data/cview.pb.gz&search=[{"id":0.123,"category":"cluster","value":"CO_CO_node_189178","enabled":true,"aa_final":"any","min_tips":1,"aa_gene":"S","search_for_ids":""}]&colourBy={"variable":"region","gene":"S","colourLines":false,"residue":"681"}&zoomToSearch=0&blinking=false
CO_node_327268	CO	286	2021-03-01	2021-06-27	20I(Alpha,V1)	B.1.1.7	FL	0.334773	0.512471	https://cov2tree-git-newnewmeta-theosanderson.vercel.app/?protoUrl=https://raw.githubusercontent.com/jmcbroome/introduction-website/main/data/cview.pb.gz&search=[{"id":0.123,"category":"cluster","value":"CO_CO_node_327268","enabled":true,"aa_final":"any","min_tips":1,"aa_gene":"S","search_for_ids":""}]&colourBy={"variable":"region","gene":"S","colourLines":false,"residue":"681"}&zoomToSearch=0&blinking=false
CO_node_157933	CO	58	2021-07-06	2021-08-18	21A(Delta)	AY.25	TX	0.0849057	0.507718	https://cov2tree-git-newnewmeta-theosanderson.vercel.app/?protoUrl=https://raw.githubusercontent.com/jmcbroome/introduction-website/main/data/cview.pb.gz&search=[{"id":0.123,"category":"cluster","value":"CO_CO_node_157933","enabled":true,"aa_final":"any","min_tips":1,"aa_gene":"S","search_for_ids":""}]&colourBy={"variable":"region","gene":"S","colourLines":false,"residue":"681"}&zoomToSearch=0&blinking=false
CO_node_158120	CO	74	2021-06-20	2021-09-27	21A(Delta)	AY.25	CA	0.0873142	0.506019	https://cov2tree-git-newnewmeta-theosanderson.vercel.app/?protoUrl=https://raw.githubusercontent.com/jmcbroome/introduction-website/main/data/cview.pb.gz&search=[{"id":0.123,"category":"cluster","value":"CO_CO_node_158120","enabled":true,"aa_final":"any","min_tips":1,"aa_gene":"S","search_for_ids":""}]&colourBy={"variable":"region","gene":"S","colourLines":false,"residue":"681"}&zoomToSearch=0&blinking=false
CO_node_24276	CO	9	2021-09-02	2021-09-24	21A(Delta)	B.1.617.2	TX	0.244898	0.5	https://cov2tree-git-newnewmeta-theosanderson.vercel.app/?protoUrl=https://raw.githubusercontent.com/jmcbroome/introduction-website/main/data/cview.pb.gz&search=[{"id":0.123,"category":"cluster","value":"CO_CO_node_24276","enabled":true,"aa_final":"any","min_tips":1,"aa_gene":"S","search_for_ids":""}]&colourBy={"variable":"region","gene":"S","colourLines":false,"residue":"681"}&zoomToSearch=0&blinking=false
CO_node_159198	CO	30	2021-07-31	2021-09-02	21A(Delta)	B.1.617.2	NC	0.395791	0.49793	https://cov2tree-git-newnewmeta-theosanderson.vercel.app/?protoUrl=https://raw.githubusercontent.com/jmcbroome/introduction-website/main/data/cview.pb.gz&search=[{"id":0.123,"category":"cluster","value":"CO_CO_node_159198","enabled":true,"aa_final":"any","min_tips":1,"aa_gene":"S","search_for_ids":""}]&colourBy={"variable":"region","gene":"S","colourLines":false,"residue":"681"}&zoomToSearch=0&blinking=false
CO_node_152527	CO	12	2021-08-26	2021-09-21	21A(Delta)	AY.25	MA	0.275434	0.494872	https://cov2tree-git-newnewmeta-theosanderson.vercel.app/?protoUrl=https://raw.githubusercontent.com/jmcbroome/introduction-website/main/data/cview.pb.gz&search=[{"id":0.123,"category":"cluster","value":"CO_CO_node_152527","enabled":true,"aa_final":"any","min_tips":1,"aa_gene":"S","search_for_ids":""}]&colourBy={"variable":"region","gene":"S","colourLines":false,"residue":"681"}&zoomToSearch=0&blinking=false
CO_node_139309	CO	24	2021-08-09	2021-09-21	21A(Delta)	B.1.617.2	CA	0.117124	0.489898	https://cov2tree-git-newnewmeta-theosanderson.vercel.app/?protoUrl=https://raw.githubusercontent.com/jmcbroome/introduction-website/main/data/cview.pb.gz&search=[{"id":0.123,"category":"cluster","value":"CO_CO_node_139309","enabled":true,"aa_final":"any","min_tips":1,"aa_gene":"S","search_for_ids":""}]&colourBy={"variable":"region","gene":"S","colourLines":false,"residue":"681"}&zoomToSearch=0&blinking=false
CO_node_135973	CO	29	2021-07-29	2021-09-17	21A(Delta)	B.1.617.2	NY	0.0634146	0.48956	https://cov2tree-git-newnewmeta-theosanderson.vercel.app/?protoUrl=https://raw.githubusercontent.com/jmcbroome/introduction-website/main/data/cview.pb.gz&search=[{"id":0.123,"category":"cluster","value":"CO_CO_node_135973","enabled":true,"aa_final":"any","min_tips":1,"aa_gene":"S","search_for_ids":""}]&colourBy={"variable":"region","gene":"S","colourLines":false,"residue":"681"}&zoomToSearch=0&blinking=false
CO_node_135982	CO	19	2021-08-12	2021-09-13	21A(Delta)	B.1.617.2	NY	0.0634146	0.484322	https://cov2tree-git-newnewmeta-theosanderson.vercel.app/?protoUrl=https://raw.githubusercontent.com/jmcbroome/introduction-website/main/data/cview.pb.gz&search=[{"id":0.123,"category":"cluster","value":"CO_CO_node_135982","enabled":true,"aa_final":"any","min_tips":1,"aa_gene":"S","search_for_ids":""}]&colourBy={"variable":"region","gene":"S","colourLines":false,"residue":"681"}&zoomToSearch=0&blinking=false
CO_node_129133	CO	28	2021-08-04	2021-09-13	21A(Delta)	AY.3	TX	0.2	0.481046	https://cov2tree-git-newnewmeta-theosanderson.vercel.app/?protoUrl=https://raw.githubusercontent.com/jmcbroome/introduction-website/main/data/cview.pb.gz&search=[{"id":0.123,"category":"cluster","value":"CO_CO_node_129133","enabled":true,"aa_final":"any","min_tips":1,"aa_gene":"S","search_for_ids":""}]&colourBy={"variable":"region","gene":"S","colourLines":false,"residue":"681"}&zoomToSearch=0&blinking=false
CO_node_380848	CO	351	2021-01-14	2021-06-15	21C(Epsilon)	B.1.429	MN	0.216334	0.480384	https://cov2tree-git-newnewmeta-theosanderson.vercel.app/?protoUrl=https://raw.githubusercontent.com/jmcbroome/introduction-website/main/data/cview.pb.gz&search=[{"id":0.123,"category":"cluster","value":"CO_CO_node_380848","enabled":true,"aa_final":"any","min_tips":1,"aa_gene":"S","search_for_ids":""}]&colourBy={"variable":"region","gene":"S","colourLines":false,"residue":"681"}&zoomToSearch=0&blinking=false
CO_node_143224	CO	39	2021-07-21	2021-09-13	21A(Delta)	B.1.617.2	MN	0.141343	0.480384	https://cov2tree-git-newnewmeta-theosanderson.vercel.app/?protoUrl=https://raw.githubusercontent.com/jmcbroome/introduction-website/main/data/cview.pb.gz&search=[{"id":0.123,"category":"cluster","value":"CO_CO_node_143224","enabled":true,"aa_final":"any","min_tips":1,"aa_gene":"S","search_for_ids":""}]&colourBy={"variable":"region","gene":"S","colourLines":false,"residue":"681"}&zoomToSearch=0&blinking=false
CO_node_120526	CO	33	2021-07-27	2021-09-27	21A(Delta)	AY.3	FL	0.218391	0.478714	https://cov2tree-git-newnewmeta-theosanderson.vercel.app/?protoUrl=https://raw.githubusercontent.com/jmcbroome/introduction-website/main/data/cview.pb.gz&search=[{"id":0.123,"category":"cluster","value":"CO_CO_node_120526","enabled":true,"aa_final":"any","min_tips":1,"aa_gene":"S","search_for_ids":""}]&colourBy={"variable":"region","gene":"S","colourLines":false,"residue":"681"}&zoomToSearch=0&blinking=false
CO_node_150251	CO	120	2021-05-08	2021-09-12	21A(Delta)	AY.25	TX	0.187101	0.476281	https://cov2tree-git-newnewmeta-theosanderson.vercel.app/?protoUrl=https://raw.githubusercontent.com/jmcbroome/introduction-website/main/data/cview.pb.gz&search=[{"id":0.123,"category":"cluster","value":"CO_CO_node_150251","enabled":true,"aa_final":"any","min_tips":1,"aa_gene":"S","search_for_ids":""}]&colourBy={"variable":"region","gene":"S","colourLines":false,"residue":"681"}&zoomToSearch=0&blinking=false
CO_node_276939	CO	292	2021-02-10	2021-07-13	20I(Alpha,V1)	B.1.1.7	indeterminate	0	0.474667	https://cov2tree-git-newnewmeta-theosanderson.vercel.app/?protoUrl=https://raw.githubusercontent.com/jmcbroome/introduction-website/main/data/cview.pb.gz&search=[{"id":0.123,"category":"cluster","value":"CO_CO_node_276939","enabled":true,"aa_final":"any","min_tips":1,"aa_gene":"S","search_for_ids":""}]&colourBy={"variable":"region","gene":"S","colourLines":false,"residue":"681"}&zoomToSearch=0&blinking=false
CO_node_160697	CO	2	2021-09-28	2021-09-28	21A(Delta)	B.1.617.2	TX	0.515152	0.471405	https://cov2tree-git-newnewmeta-theosanderson.vercel.app/?protoUrl=https://raw.githubusercontent.com/jmcbroome/introduction-website/main/data/cview.pb.gz&search=[{"id":0.123,"category":"cluster","value":"CO_CO_node_160697","enabled":true,"aa_final":"any","min_tips":1,"aa_gene":"S","search_for_ids":""}]&colourBy={"variable":"region","gene":"S","colourLines":false,"residue":"681"}&zoomToSearch=0&blinking=false
CO_node_194958	CO	2	2021-09-23	2021-09-27	20A	B.1	TX	0.269488	0.471405	https://cov2tree-git-newnewmeta-theosanderson.vercel.app/?protoUrl=https://raw.githubusercontent.com/jmcbroome/introduction-website/main/data/cview.pb.gz&search=[{"id":0.123,"category":"cluster","value":"CO_CO_node_194958","enabled":true,"aa_final":"any","min_tips":1,"aa_gene":"S","search_for_ids":""}]&colourBy={"variable":"region","gene":"S","colourLines":false,"residue":"681"}&zoomToSearch=0&blinking=false
CO_node_133335	CO	2	2021-09-23	2021-09-23	21A(Delta)	B.1.617.2	WI	0.470588	0.471405	https://cov2tree-git-newnewmeta-theosanderson.vercel.app/?protoUrl=https://raw.githubusercontent.com/jmcbroome/introduction-website/main/data/cview.pb.gz&search=[{"id":0.123,"category":"cluster","value":"CO_CO_node_133335","enabled":true,"aa_final":"any","min_tips":1,"aa_gene":"S","search_for_ids":""}]&colourBy={"variable":"region","gene":"S","colourLines":false,"residue":"681"}&zoomToSearch=0&blinking=false
CO_node_4376	CO	2	2021-09-24	2021-09-24	19A	B.1	GA	0.4375	0.471405	https://cov2tree-git-newnewmeta-theosanderson.vercel.app/?protoUrl=https://raw.githubusercontent.com/jmcbroome/introduction-website/main/data/cview.pb.gz&search=[{"id":0.123,"category":"cluster","value":"CO_CO_node_4376","enabled":true,"aa_final":"any","min_tips":1,"aa_gene":"S","search_for_ids":""}]&colourBy={"variable":"region","gene":"S","colourLines":false,"residue":"681"}&zoomToSearch=0&blinking=false
CO_node_157616	CO	2	2021-09-27	2021-09-28	21A(Delta)	AY.25	WY	0.384615	0.471405	https://cov2tree-git-newnewmeta-theosanderson.vercel.app/?protoUrl=https://raw.githubusercontent.com/jmcbroome/introduction-website/main/data/cview.pb.gz&search=[{"id":0.123,"category":"cluster","value":"CO_CO_node_157616","enabled":true,"aa_final":"any","min_tips":1,"aa_gene":"S","search_for_ids":""}]&colourBy={"variable":"region","gene":"S","colourLines":false,"residue":"681"}&zoomToSearch=0&blinking=false
CO_node_193789	CO	2	2021-09-24	2021-09-24	20A	B.1	CA	0.366869	0.471405	https://cov2tree-git-newnewmeta-theosanderson.vercel.app/?protoUrl=https://raw.githubusercontent.com/jmcbroome/introduction-website/main/data/cview.pb.gz&search=[{"id":0.123,"category":"cluster","value":"CO_CO_node_193789","enabled":true,"aa_final":"any","min_tips":1,"aa_gene":"S","search_for_ids":""}]&colourBy={"variable":"region","gene":"S","colourLines":false,"residue":"681"}&zoomToSearch=0&blinking=false
CO_node_193965	CO	2	2021-09-23	2021-09-23	20A	B.1	NY	0.545455	0.471405	https://cov2tree-git-newnewmeta-theosanderson.vercel.app/?protoUrl=https://raw.githubusercontent.com/jmcbroome/introduction-website/main/data/cview.pb.gz&search=[{"id":0.123,"category":"cluster","value":"CO_CO_node_193965","enabled":true,"aa_final":"any","min_tips":1,"aa_gene":"S","search_for_ids":""}]&colourBy={"variable":"region","gene":"S","colourLines":false,"residue":"681"}&zoomToSearch=0&blinking=false
CO_node_193997	CO	2	2021-09-24	2021-09-25	20A	B.1	NC	0.314286	0.471405	https://cov2tree-git-newnewmeta-theosanderson.vercel.app/?protoUrl=https://raw.githubusercontent.com/jmcbroome/introduction-website/main/data/cview.pb.gz&search=[{"id":0.123,"category":"cluster","value":"CO_CO_node_193997","enabled":true,"aa_final":"any","min_tips":1,"aa_gene":"S","search_for_ids":""}]&colourBy={"variable":"region","gene":"S","colourLines":false,"residue":"681"}&zoomToSearch=0&blinking=false
CO_node_174652	CO	2	2021-09-23	2021-09-23	21A(Delta)	B.1.617.2	NC	0.808989	0.471405	https://cov2tree-git-newnewmeta-theosanderson.vercel.app/?protoUrl=https://raw.githubusercontent.com/jmcbroome/introduction-website/main/data/cview.pb.gz&search=[{"id":0.123,"category":"cluster","value":"CO_CO_node_174652","enabled":true,"aa_final":"any","min_tips":1,"aa_gene":"S","search_for_ids":""}]&colourBy={"variable":"region","gene":"S","colourLines":false,"residue":"681"}&zoomToSearch=0&blinking=false
CO_node_194123	CO	2	2021-09-25	2021-09-28	20A	B.1	TX	0.230216	0.471405	https://cov2tree-git-newnewmeta-theosanderson.vercel.app/?protoUrl=https://raw.githubusercontent.com/jmcbroome/introduction-website/main/data/cview.pb.gz&search=[{"id":0.123,"category":"cluster","value":"CO_CO_node_194123","enabled":true,"aa_final":"any","min_tips":1,"aa_gene":"S","search_for_ids":""}]&colourBy={"variable":"region","gene":"S","colourLines":false,"residue":"681"}&zoomToSearch=0&blinking=false
CO_node_27944	CO	87	2021-06-01	2021-08-27	21A(Delta)	B.1.617.2	CA	0.195259	0.466369	https://cov2tree-git-newnewmeta-theosanderson.vercel.app/?protoUrl=https://raw.githubusercontent.com/jmcbroome/introduction-website/main/data/cview.pb.gz&search=[{"id":0.123,"category":"cluster","value":"CO_CO_node_27944","enabled":true,"aa_final":"any","min_tips":1,"aa_gene":"S","search_for_ids":""}]&colourBy={"variable":"region","gene":"S","colourLines":false,"residue":"681"}&zoomToSearch=0&blinking=false
CO_node_392716	CO	250	2021-02-18	2021-06-28	21F(Iota)	B.1.526	CA	0.131891	0.465041	https://cov2tree-git-newnewmeta-theosanderson.vercel.app/?protoUrl=https://raw.githubusercontent.com/jmcbroome/introduction-website/main/data/cview.pb.gz&search=[{"id":0.123,"category":"cluster","value":"CO_CO_node_392716","enabled":true,"aa_final":"any","min_tips":1,"aa_gene":"S","search_for_ids":""}]&colourBy={"variable":"region","gene":"S","colourLines":false,"residue":"681"}&zoomToSearch=0&blinking=false
CO_node_152582	CO	31	2021-07-23	2021-09-10	21A(Delta)	AY.25	TX	0.378435	0.46398	https://cov2tree-git-newnewmeta-theosanderson.vercel.app/?protoUrl=https://raw.githubusercontent.com/jmcbroome/introduction-website/main/data/cview.pb.gz&search=[{"id":0.123,"category":"cluster","value":"CO_CO_node_152582","enabled":true,"aa_final":"any","min_tips":1,"aa_gene":"S","search_for_ids":""}]&colourBy={"variable":"region","gene":"S","colourLines":false,"residue":"681"}&zoomToSearch=0&blinking=false
CO_node_24352	CO	31	2021-07-28	2021-08-12	21A(Delta)	B.1.617.2	CA	0.367667	0.46398	https://cov2tree-git-newnewmeta-theosanderson.vercel.app/?protoUrl=https://raw.githubusercontent.com/jmcbroome/introduction-website/main/data/cview.pb.gz&search=[{"id":0.123,"category":"cluster","value":"CO_CO_node_24352","enabled":true,"aa_final":"any","min_tips":1,"aa_gene":"S","search_for_ids":""}]&colourBy={"variable":"region","gene":"S","colourLines":false,"residue":"681"}&zoomToSearch=0&blinking=false
CO_node_146387	CO	26	2021-08-04	2021-08-22	21A(Delta)	AY.25	FL	0.342593	0.463547	https://cov2tree-git-newnewmeta-theosanderson.vercel.app/?protoUrl=https://raw.githubusercontent.com/jmcbroome/introduction-website/main/data/cview.pb.gz&search=[{"id":0.123,"category":"cluster","value":"CO_CO_node_146387","enabled":true,"aa_final":"any","min_tips":1,"aa_gene":"S","search_for_ids":""}]&colourBy={"variable":"region","gene":"S","colourLines":false,"residue":"681"}&zoomToSearch=0&blinking=false
CO_node_18061	CO	141	2021-04-19	2021-09-28	21A(Delta)	B.1.617.2	CA	0.195259	0.456705	https://cov2tree-git-newnewmeta-theosanderson.vercel.app/?protoUrl=https://raw.githubusercontent.com/jmcbroome/introduction-website/main/data/cview.pb.gz&search=[{"id":0.123,"category":"cluster","value":"CO_CO_node_18061","enabled":true,"aa_final":"any","min_tips":1,"aa_gene":"S","search_for_ids":""}]&colourBy={"variable":"region","gene":"S","colourLines":false,"residue":"681"}&zoomToSearch=0&blinking=false
CO_node_26883	CO	40	2021-07-11	2021-09-20	21A(Delta)	B.1.617.2	CA	0.195259	0.451754	https://cov2tree-git-newnewmeta-theosanderson.vercel.app/?protoUrl=https://raw.githubusercontent.com/jmcbroome/introduction-website/main/data/cview.pb.gz&search=[{"id":0.123,"category":"cluster","value":"CO_CO_node_26883","enabled":true,"aa_final":"any","min_tips":1,"aa_gene":"S","search_for_ids":""}]&colourBy={"variable":"region","gene":"S","colourLines":false,"residue":"681"}&zoomToSearch=0&blinking=false
CO_node_127012	CO	13	2021-08-24	2021-09-11	21A(Delta)	AY.3	NE	0.363636	0.450694	https://cov2tree-git-newnewmeta-theosanderson.vercel.app/?protoUrl=https://raw.githubusercontent.com/jmcbroome/introduction-website/main/data/cview.pb.gz&search=[{"id":0.123,"category":"cluster","value":"CO_CO_node_127012","enabled":true,"aa_final":"any","min_tips":1,"aa_gene":"S","search_for_ids":""}]&colourBy={"variable":"region","gene":"S","colourLines":false,"residue":"681"}&zoomToSearch=0&blinking=false
CO_node_158757	CO	29	2021-07-24	2021-09-27	21A(Delta)	B.1.617.2	NC	0.395791	0.448764	https://cov2tree-git-newnewmeta-theosanderson.vercel.app/?protoUrl=https://raw.githubusercontent.com/jmcbroome/introduction-website/main/data/cview.pb.gz&search=[{"id":0.123,"category":"cluster","value":"CO_CO_node_158757","enabled":true,"aa_final":"any","min_tips":1,"aa_gene":"S","search_for_ids":""}]&colourBy={"variable":"region","gene":"S","colourLines":false,"residue":"681"}&zoomToSearch=0&blinking=false
CO_node_22879	CO	5	2021-09-09	2021-09-21	21A(Delta)	B.1.617.2	NM	0.294118	0.447214	https://cov2tree-git-newnewmeta-theosanderson.vercel.app/?protoUrl=https://raw.githubusercontent.com/jmcbroome/introduction-website/main/data/cview.pb.gz&search=[{"id":0.123,"category":"cluster","value":"CO_CO_node_22879","enabled":true,"aa_final":"any","min_tips":1,"aa_gene":"S","search_for_ids":""}]&colourBy={"variable":"region","gene":"S","colourLines":false,"residue":"681"}&zoomToSearch=0&blinking=false
CO_node_124022	CO	20	2021-08-11	2021-09-09	21A(Delta)	AY.3	CA	0.28866	0.447214	https://cov2tree-git-newnewmeta-theosanderson.vercel.app/?protoUrl=https://raw.githubusercontent.com/jmcbroome/introduction-website/main/data/cview.pb.gz&search=[{"id":0.123,"category":"cluster","value":"CO_CO_node_124022","enabled":true,"aa_final":"any","min_tips":1,"aa_gene":"S","search_for_ids":""}]&colourBy={"variable":"region","gene":"S","colourLines":false,"residue":"681"}&zoomToSearch=0&blinking=false
CO_node_179683	CO	24	2021-08-03	2021-08-19	21A(Delta)	AY.26	FL	0.171669	0.445362	https://cov2tree-git-newnewmeta-theosanderson.vercel.app/?protoUrl=https://raw.githubusercontent.com/jmcbroome/introduction-website/main/data/cview.pb.gz&search=[{"id":0.123,"category":"cluster","value":"CO_CO_node_179683","enabled":true,"aa_final":"any","min_tips":1,"aa_gene":"S","search_for_ids":""}]&colourBy={"variable":"region","gene":"S","colourLines":false,"residue":"681"}&zoomToSearch=0&blinking=false
CO_node_160902	CO	64	2021-06-11	2021-08-30	21A(Delta)	B.1.617.2	TX	0.133744	0.444444	https://cov2tree-git-newnewmeta-theosanderson.vercel.app/?protoUrl=https://raw.githubusercontent.com/jmcbroome/introduction-website/main/data/cview.pb.gz&search=[{"id":0.123,"category":"cluster","value":"CO_CO_node_160902","enabled":true,"aa_final":"any","min_tips":1,"aa_gene":"S","search_for_ids":""}]&colourBy={"variable":"region","gene":"S","colourLines":false,"residue":"681"}&zoomToSearch=0&blinking=false
CO_node_127619	CO	33	2021-07-15	2021-09-21	21A(Delta)	AY.3	FL	0.0810811	0.441889	https://cov2tree-git-newnewmeta-theosanderson.vercel.app/?protoUrl=https://raw.githubusercontent.com/jmcbroome/introduction-website/main/data/cview.pb.gz&search=[{"id":0.123,"category":"cluster","value":"CO_CO_node_127619","enabled":true,"aa_final":"any","min_tips":1,"aa_gene":"S","search_for_ids":""}]&colourBy={"variable":"region","gene":"S","colourLines":false,"residue":"681"}&zoomToSearch=0&blinking=false
CO_node_12015	CO	33	2021-07-20	2021-08-14	21A(Delta)	B.1.617.2	CA	0.239234	0.441889	https://cov2tree-git-newnewmeta-theosanderson.vercel.app/?protoUrl=https://raw.githubusercontent.com/jmcbroome/introduction-website/main/data/cview.pb.gz&search=[{"id":0.123,"category":"cluster","value":"CO_CO_node_12015","enabled":true,"aa_final":"any","min_tips":1,"aa_gene":"S","search_for_ids":""}]&colourBy={"variable":"region","gene":"S","colourLines":false,"residue":"681"}&zoomToSearch=0&blinking=false
CO_node_159226	CO	7	2021-09-07	2021-09-09	21A(Delta)	B.1.617.2	NC	0.395791	0.440959	https://cov2tree-git-newnewmeta-theosanderson.vercel.app/?protoUrl=https://raw.githubusercontent.com/jmcbroome/introduction-website/main/data/cview.pb.gz&search=[{"id":0.123,"category":"cluster","value":"CO_CO_node_159226","enabled":true,"aa_final":"any","min_tips":1,"aa_gene":"S","search_for_ids":""}]&colourBy={"variable":"region","gene":"S","colourLines":false,"residue":"681"}&zoomToSearch=0&blinking=false
CO_node_151619	CO	28	2021-07-25	2021-08-07	21A(Delta)	AY.25	TX	0.187101	0.440959	https://cov2tree-git-newnewmeta-theosanderson.vercel.app/?protoUrl=https://raw.githubusercontent.com/jmcbroome/introduction-website/main/data/cview.pb.gz&search=[{"id":0.123,"category":"cluster","value":"CO_CO_node_151619","enabled":true,"aa_final":"any","min_tips":1,"aa_gene":"S","search_for_ids":""}]&colourBy={"variable":"region","gene":"S","colourLines":false,"residue":"681"}&zoomToSearch=0&blinking=false
CO_node_133254	CO	38	2021-07-11	2021-09-28	21A(Delta)	B.1.617.2	CA	0.290727	0.440315	https://cov2tree-git-newnewmeta-theosanderson.vercel.app/?protoUrl=https://raw.githubusercontent.com/jmcbroome/introduction-website/main/data/cview.pb.gz&search=[{"id":0.123,"category":"cluster","value":"CO_CO_node_133254","enabled":true,"aa_final":"any","min_tips":1,"aa_gene":"S","search_for_ids":""}]&colourBy={"variable":"region","gene":"S","colourLines":false,"residue":"681"}&zoomToSearch=0&blinking=false
CO_node_181306	CO	56	2021-06-19	2021-09-22	21A(Delta)	B.1.617.2	FL	0.537741	0.440195	https://cov2tree-git-newnewmeta-theosanderson.vercel.app/?protoUrl=https://raw.githubusercontent.com/jmcbroome/introduction-website/main/data/cview.pb.gz&search=[{"id":0.123,"category":"cluster","value":"CO_CO_node_181306","enabled":true,"aa_final":"any","min_tips":1,"aa_gene":"S","search_for_ids":""}]&colourBy={"variable":"region","gene":"S","colourLines":false,"residue":"681"}&zoomToSearch=0&blinking=false
CO_node_19802	CO	77	2021-05-29	2021-08-23	21A(Delta)	B.1.617.2	CA	0.195259	0.438748	https://cov2tree-git-newnewmeta-theosanderson.vercel.app/?protoUrl=https://raw.githubusercontent.com/jmcbroome/introduction-website/main/data/cview.pb.gz&search=[{"id":0.123,"category":"cluster","value":"CO_CO_node_19802","enabled":true,"aa_final":"any","min_tips":1,"aa_gene":"S","search_for_ids":""}]&colourBy={"variable":"region","gene":"S","colourLines":false,"residue":"681"}&zoomToSearch=0&blinking=false
CO_node_161915	CO	69	2021-06-09	2021-08-25	21A(Delta)	B.1.617.2	TX	0.1841	0.437191	https://cov2tree-git-newnewmeta-theosanderson.vercel.app/?protoUrl=https://raw.githubusercontent.com/jmcbroome/introduction-website/main/data/cview.pb.gz&search=[{"id":0.123,"category":"cluster","value":"CO_CO_node_161915","enabled":true,"aa_final":"any","min_tips":1,"aa_gene":"S","search_for_ids":""}]&colourBy={"variable":"region","gene":"S","colourLines":false,"residue":"681"}&zoomToSearch=0&blinking=false
CO_node_159248	CO	3	2021-09-22	2021-09-27	21A(Delta)	B.1.617.2	NC	0.395791	0.433013	https://cov2tree-git-newnewmeta-theosanderson.vercel.app/?protoUrl=https://raw.githubusercontent.com/jmcbroome/introduction-website/main/data/cview.pb.gz&search=[{"id":0.123,"category":"cluster","value":"CO_CO_node_159248","enabled":true,"aa_final":"any","min_tips":1,"aa_gene":"S","search_for_ids":""}]&colourBy={"variable":"region","gene":"S","colourLines":false,"residue":"681"}&zoomToSearch=0&blinking=false
CO_node_32801	CO	3	2021-09-21	2021-09-27	21A(Delta)	B.1.617.2	AR	0.617155	0.433013	https://cov2tree-git-newnewmeta-theosanderson.vercel.app/?protoUrl=https://raw.githubusercontent.com/jmcbroome/introduction-website/main/data/cview.pb.gz&search=[{"id":0.123,"category":"cluster","value":"CO_CO_node_32801","enabled":true,"aa_final":"any","min_tips":1,"aa_gene":"S","search_for_ids":""}]&colourBy={"variable":"region","gene":"S","colourLines":false,"residue":"681"}&zoomToSearch=0&blinking=false
