Cluster ID	Region	Sample Count	Earliest Date	Latest Date	Clade/Lineage	Inferred Origins	Inferred Origin Confidences	Growth Score	Click to View
node_244833	MA	666	2021-06-22	2021-08-18	AY.25,21A(Delta)	CO	0.294523	2.34609	https://cov2tree.org/?protoUrl=https://raw.githubusercontent.com/jmcbroome/introduction-website/main/data/cview.pb&search=[{"id":0.123,"category":"country","value":"node_244833","enabled":true,"aa_final":"any","min_tips":1,"aa_gene":"S","search_for_ids":""}]&colourBy={"variable":"none","gene":"S","colourLines":false,"residue":"681"}
node_248658	MA	272	2021-07-15	2021-08-18	21A(Delta),B.1.617.2	AR	0.289173	2.06155	https://cov2tree.org/?protoUrl=https://raw.githubusercontent.com/jmcbroome/introduction-website/main/data/cview.pb&search=[{"id":0.123,"category":"country","value":"node_248658","enabled":true,"aa_final":"any","min_tips":1,"aa_gene":"S","search_for_ids":""}]&colourBy={"variable":"none","gene":"S","colourLines":false,"residue":"681"}
node_257008	MA	369	2021-06-30	2021-08-18	21A(Delta),B.1.617.2	CA	0.441677	1.92094	https://cov2tree.org/?protoUrl=https://raw.githubusercontent.com/jmcbroome/introduction-website/main/data/cview.pb&search=[{"id":0.123,"category":"country","value":"node_257008","enabled":true,"aa_final":"any","min_tips":1,"aa_gene":"S","search_for_ids":""}]&colourBy={"variable":"none","gene":"S","colourLines":false,"residue":"681"}
node_232360	MA	22	2021-08-19	2021-08-24	AY.7.2,21A(Delta)	TN	0.0970797	1.56347	https://cov2tree.org/?protoUrl=https://raw.githubusercontent.com/jmcbroome/introduction-website/main/data/cview.pb&search=[{"id":0.123,"category":"country","value":"node_232360","enabled":true,"aa_final":"any","min_tips":1,"aa_gene":"S","search_for_ids":""}]&colourBy={"variable":"none","gene":"S","colourLines":false,"residue":"681"}
node_231830	MA	21	2021-08-18	2021-08-24	AY.7.2,21A(Delta)	GA	0.0706522	1.52753	https://cov2tree.org/?protoUrl=https://raw.githubusercontent.com/jmcbroome/introduction-website/main/data/cview.pb&search=[{"id":0.123,"category":"country","value":"node_231830","enabled":true,"aa_final":"any","min_tips":1,"aa_gene":"S","search_for_ids":""}]&colourBy={"variable":"none","gene":"S","colourLines":false,"residue":"681"}
node_241081	MA	176	2021-07-07	2021-08-18	AY.3,21A(Delta)	MO	0.161024	1.47406	https://cov2tree.org/?protoUrl=https://raw.githubusercontent.com/jmcbroome/introduction-website/main/data/cview.pb&search=[{"id":0.123,"category":"country","value":"node_241081","enabled":true,"aa_final":"any","min_tips":1,"aa_gene":"S","search_for_ids":""}]&colourBy={"variable":"none","gene":"S","colourLines":false,"residue":"681"}
node_218020	MA	8	2021-08-24	2021-08-24	21A(Delta),B.1.617.2	AZ	0.264706	1.41421	https://cov2tree.org/?protoUrl=https://raw.githubusercontent.com/jmcbroome/introduction-website/main/data/cview.pb&search=[{"id":0.123,"category":"country","value":"node_218020","enabled":true,"aa_final":"any","min_tips":1,"aa_gene":"S","search_for_ids":""}]&colourBy={"variable":"none","gene":"S","colourLines":false,"residue":"681"}
node_231088	MA	18	2021-08-18	2021-08-23	AY.7.2,21A(Delta)	CA	0.317647	1.41421	https://cov2tree.org/?protoUrl=https://raw.githubusercontent.com/jmcbroome/introduction-website/main/data/cview.pb&search=[{"id":0.123,"category":"country","value":"node_231088","enabled":true,"aa_final":"any","min_tips":1,"aa_gene":"S","search_for_ids":""}]&colourBy={"variable":"none","gene":"S","colourLines":false,"residue":"681"}
node_224189	MA	14	2021-08-18	2021-08-24	AY.7.2,21A(Delta)	FL	0.207407	1.24722	https://cov2tree.org/?protoUrl=https://raw.githubusercontent.com/jmcbroome/introduction-website/main/data/cview.pb&search=[{"id":0.123,"category":"country","value":"node_224189","enabled":true,"aa_final":"any","min_tips":1,"aa_gene":"S","search_for_ids":""}]&colourBy={"variable":"none","gene":"S","colourLines":false,"residue":"681"}
node_240214	MA	56	2021-07-29	2021-08-18	AY.3,21A(Delta)	RI	0.320988	1.24722	https://cov2tree.org/?protoUrl=https://raw.githubusercontent.com/jmcbroome/introduction-website/main/data/cview.pb&search=[{"id":0.123,"category":"country","value":"node_240214","enabled":true,"aa_final":"any","min_tips":1,"aa_gene":"S","search_for_ids":""}]&colourBy={"variable":"none","gene":"S","colourLines":false,"residue":"681"}
node_224291	MA	72	2021-07-24	2021-08-24	AY.7.2,21A(Delta)	FL	0.260563	1.21218	https://cov2tree.org/?protoUrl=https://raw.githubusercontent.com/jmcbroome/introduction-website/main/data/cview.pb&search=[{"id":0.123,"category":"country","value":"node_224291","enabled":true,"aa_final":"any","min_tips":1,"aa_gene":"S","search_for_ids":""}]&colourBy={"variable":"none","gene":"S","colourLines":false,"residue":"681"}
node_231348	MA	13	2021-08-19	2021-08-24	AY.7.2,21A(Delta)	CA	0.389803	1.20185	https://cov2tree.org/?protoUrl=https://raw.githubusercontent.com/jmcbroome/introduction-website/main/data/cview.pb&search=[{"id":0.123,"category":"country","value":"node_231348","enabled":true,"aa_final":"any","min_tips":1,"aa_gene":"S","search_for_ids":""}]&colourBy={"variable":"none","gene":"S","colourLines":false,"residue":"681"}
node_224263	MA	12	2021-08-20	2021-08-24	AY.7.2,21A(Delta)	CA	0.602362	1.1547	https://cov2tree.org/?protoUrl=https://raw.githubusercontent.com/jmcbroome/introduction-website/main/data/cview.pb&search=[{"id":0.123,"category":"country","value":"node_224263","enabled":true,"aa_final":"any","min_tips":1,"aa_gene":"S","search_for_ids":""}]&colourBy={"variable":"none","gene":"S","colourLines":false,"residue":"681"}
node_237986	MA	33	2021-08-03	2021-08-18	21A(Delta),B.1.617.2	CA	0.783208	1.14891	https://cov2tree.org/?protoUrl=https://raw.githubusercontent.com/jmcbroome/introduction-website/main/data/cview.pb&search=[{"id":0.123,"category":"country","value":"node_237986","enabled":true,"aa_final":"any","min_tips":1,"aa_gene":"S","search_for_ids":""}]&colourBy={"variable":"none","gene":"S","colourLines":false,"residue":"681"}
node_255511	MA	32	2021-08-05	2021-08-18	21A(Delta),B.1.617.2	NC	0.773814	1.13137	https://cov2tree.org/?protoUrl=https://raw.githubusercontent.com/jmcbroome/introduction-website/main/data/cview.pb&search=[{"id":0.123,"category":"country","value":"node_255511","enabled":true,"aa_final":"any","min_tips":1,"aa_gene":"S","search_for_ids":""}]&colourBy={"variable":"none","gene":"S","colourLines":false,"residue":"681"}
node_223857	MA	11	2021-08-18	2021-08-24	AY.7.2,21A(Delta)	CA	0.463158	1.10554	https://cov2tree.org/?protoUrl=https://raw.githubusercontent.com/jmcbroome/introduction-website/main/data/cview.pb&search=[{"id":0.123,"category":"country","value":"node_223857","enabled":true,"aa_final":"any","min_tips":1,"aa_gene":"S","search_for_ids":""}]&colourBy={"variable":"none","gene":"S","colourLines":false,"residue":"681"}
node_217400	MA	19	2021-08-12	2021-08-23	AY.16,21A(Delta)	indeterminate	0	1.08972	https://cov2tree.org/?protoUrl=https://raw.githubusercontent.com/jmcbroome/introduction-website/main/data/cview.pb&search=[{"id":0.123,"category":"country","value":"node_217400","enabled":true,"aa_final":"any","min_tips":1,"aa_gene":"S","search_for_ids":""}]&colourBy={"variable":"none","gene":"S","colourLines":false,"residue":"681"}
node_236006	MA	55	2021-07-22	2021-08-17	21A(Delta),B.1.617.2	LA	0.254032	1.05946	https://cov2tree.org/?protoUrl=https://raw.githubusercontent.com/jmcbroome/introduction-website/main/data/cview.pb&search=[{"id":0.123,"category":"country","value":"node_236006","enabled":true,"aa_final":"any","min_tips":1,"aa_gene":"S","search_for_ids":""}]&colourBy={"variable":"none","gene":"S","colourLines":false,"residue":"681"}
node_232358	MA	10	2021-08-18	2021-08-24	AY.7.2,21A(Delta)	TN	0.0970797	1.05409	https://cov2tree.org/?protoUrl=https://raw.githubusercontent.com/jmcbroome/introduction-website/main/data/cview.pb&search=[{"id":0.123,"category":"country","value":"node_232358","enabled":true,"aa_final":"any","min_tips":1,"aa_gene":"S","search_for_ids":""}]&colourBy={"variable":"none","gene":"S","colourLines":false,"residue":"681"}
node_246530	MA	90	2021-07-11	2021-08-18	AY.25,21A(Delta)	GA	0.209195	1.05409	https://cov2tree.org/?protoUrl=https://raw.githubusercontent.com/jmcbroome/introduction-website/main/data/cview.pb&search=[{"id":0.123,"category":"country","value":"node_246530","enabled":true,"aa_final":"any","min_tips":1,"aa_gene":"S","search_for_ids":""}]&colourBy={"variable":"none","gene":"S","colourLines":false,"residue":"681"}
node_231853	MA	10	2021-08-19	2021-08-24	AY.7.2,21A(Delta)	FL	0.570983	1.05409	https://cov2tree.org/?protoUrl=https://raw.githubusercontent.com/jmcbroome/introduction-website/main/data/cview.pb&search=[{"id":0.123,"category":"country","value":"node_231853","enabled":true,"aa_final":"any","min_tips":1,"aa_gene":"S","search_for_ids":""}]&colourBy={"variable":"none","gene":"S","colourLines":false,"residue":"681"}
node_248374	MA	27	2021-08-03	2021-08-18	21A(Delta),B.1.617.2	CA	0.300985	1.03923	https://cov2tree.org/?protoUrl=https://raw.githubusercontent.com/jmcbroome/introduction-website/main/data/cview.pb&search=[{"id":0.123,"category":"country","value":"node_248374","enabled":true,"aa_final":"any","min_tips":1,"aa_gene":"S","search_for_ids":""}]&colourBy={"variable":"none","gene":"S","colourLines":false,"residue":"681"}
node_251328	MA	38	2021-07-29	2021-08-16	21A(Delta),B.1.617.2	TN	0.0555556	1.0274	https://cov2tree.org/?protoUrl=https://raw.githubusercontent.com/jmcbroome/introduction-website/main/data/cview.pb&search=[{"id":0.123,"category":"country","value":"node_251328","enabled":true,"aa_final":"any","min_tips":1,"aa_gene":"S","search_for_ids":""}]&colourBy={"variable":"none","gene":"S","colourLines":false,"residue":"681"}
node_230973	MA	9	2021-08-19	2021-08-24	AY.7.2,21A(Delta)	TX	0.311195	1	https://cov2tree.org/?protoUrl=https://raw.githubusercontent.com/jmcbroome/introduction-website/main/data/cview.pb&search=[{"id":0.123,"category":"country","value":"node_230973","enabled":true,"aa_final":"any","min_tips":1,"aa_gene":"S","search_for_ids":""}]&colourBy={"variable":"none","gene":"S","colourLines":false,"residue":"681"}
node_231960	MA	9	2021-08-19	2021-08-24	AY.7.2,21A(Delta)	FL	0.254237	1	https://cov2tree.org/?protoUrl=https://raw.githubusercontent.com/jmcbroome/introduction-website/main/data/cview.pb&search=[{"id":0.123,"category":"country","value":"node_231960","enabled":true,"aa_final":"any","min_tips":1,"aa_gene":"S","search_for_ids":""}]&colourBy={"variable":"none","gene":"S","colourLines":false,"residue":"681"}
node_231535	MA	9	2021-08-18	2021-08-24	AY.7.2,21A(Delta)	FL	0.597015	1	https://cov2tree.org/?protoUrl=https://raw.githubusercontent.com/jmcbroome/introduction-website/main/data/cview.pb&search=[{"id":0.123,"category":"country","value":"node_231535","enabled":true,"aa_final":"any","min_tips":1,"aa_gene":"S","search_for_ids":""}]&colourBy={"variable":"none","gene":"S","colourLines":false,"residue":"681"}
node_231935	MA	9	2021-08-18	2021-08-22	AY.7.2,21A(Delta)	FL	0.152047	1	https://cov2tree.org/?protoUrl=https://raw.githubusercontent.com/jmcbroome/introduction-website/main/data/cview.pb&search=[{"id":0.123,"category":"country","value":"node_231935","enabled":true,"aa_final":"any","min_tips":1,"aa_gene":"S","search_for_ids":""}]&colourBy={"variable":"none","gene":"S","colourLines":false,"residue":"681"}
node_232278	MA	9	2021-08-18	2021-08-22	AY.7.2,21A(Delta)	AZ	0.117845	1	https://cov2tree.org/?protoUrl=https://raw.githubusercontent.com/jmcbroome/introduction-website/main/data/cview.pb&search=[{"id":0.123,"category":"country","value":"node_232278","enabled":true,"aa_final":"any","min_tips":1,"aa_gene":"S","search_for_ids":""}]&colourBy={"variable":"none","gene":"S","colourLines":false,"residue":"681"}
node_240897	MA	34	2021-07-27	2021-08-18	AY.3,21A(Delta)	NJ	0.35434	0.971825	https://cov2tree.org/?protoUrl=https://raw.githubusercontent.com/jmcbroome/introduction-website/main/data/cview.pb&search=[{"id":0.123,"category":"country","value":"node_240897","enabled":true,"aa_final":"any","min_tips":1,"aa_gene":"S","search_for_ids":""}]&colourBy={"variable":"none","gene":"S","colourLines":false,"residue":"681"}
node_236312	MA	75	2021-07-07	2021-08-18	21A(Delta),B.1.617.2	LA	0.320896	0.96225	https://cov2tree.org/?protoUrl=https://raw.githubusercontent.com/jmcbroome/introduction-website/main/data/cview.pb&search=[{"id":0.123,"category":"country","value":"node_236312","enabled":true,"aa_final":"any","min_tips":1,"aa_gene":"S","search_for_ids":""}]&colourBy={"variable":"none","gene":"S","colourLines":false,"residue":"681"}
node_231582	MA	45	2021-07-25	2021-08-24	AY.7.2,21A(Delta)	AR	0.095082	0.958315	https://cov2tree.org/?protoUrl=https://raw.githubusercontent.com/jmcbroome/introduction-website/main/data/cview.pb&search=[{"id":0.123,"category":"country","value":"node_231582","enabled":true,"aa_final":"any","min_tips":1,"aa_gene":"S","search_for_ids":""}]&colourBy={"variable":"none","gene":"S","colourLines":false,"residue":"681"}
node_230992	MA	8	2021-08-20	2021-08-23	AY.7.2,21A(Delta)	TX	0.311195	0.942809	https://cov2tree.org/?protoUrl=https://raw.githubusercontent.com/jmcbroome/introduction-website/main/data/cview.pb&search=[{"id":0.123,"category":"country","value":"node_230992","enabled":true,"aa_final":"any","min_tips":1,"aa_gene":"S","search_for_ids":""}]&colourBy={"variable":"none","gene":"S","colourLines":false,"residue":"681"}
node_224318	MA	8	2021-08-19	2021-08-24	AY.7.2,21A(Delta)	FL	0.260563	0.942809	https://cov2tree.org/?protoUrl=https://raw.githubusercontent.com/jmcbroome/introduction-website/main/data/cview.pb&search=[{"id":0.123,"category":"country","value":"node_224318","enabled":true,"aa_final":"any","min_tips":1,"aa_gene":"S","search_for_ids":""}]&colourBy={"variable":"none","gene":"S","colourLines":false,"residue":"681"}
node_224280	MA	8	2021-08-20	2021-08-24	AY.7.2,21A(Delta)	VT	0.333333	0.942809	https://cov2tree.org/?protoUrl=https://raw.githubusercontent.com/jmcbroome/introduction-website/main/data/cview.pb&search=[{"id":0.123,"category":"country","value":"node_224280","enabled":true,"aa_final":"any","min_tips":1,"aa_gene":"S","search_for_ids":""}]&colourBy={"variable":"none","gene":"S","colourLines":false,"residue":"681"}
node_224171	MA	8	2021-08-19	2021-08-24	AY.7.2,21A(Delta)	FL	0.318182	0.942809	https://cov2tree.org/?protoUrl=https://raw.githubusercontent.com/jmcbroome/introduction-website/main/data/cview.pb&search=[{"id":0.123,"category":"country","value":"node_224171","enabled":true,"aa_final":"any","min_tips":1,"aa_gene":"S","search_for_ids":""}]&colourBy={"variable":"none","gene":"S","colourLines":false,"residue":"681"}
node_231930	MA	8	2021-08-19	2021-08-24	AY.7.2,21A(Delta)	CA	0.264151	0.942809	https://cov2tree.org/?protoUrl=https://raw.githubusercontent.com/jmcbroome/introduction-website/main/data/cview.pb&search=[{"id":0.123,"category":"country","value":"node_231930","enabled":true,"aa_final":"any","min_tips":1,"aa_gene":"S","search_for_ids":""}]&colourBy={"variable":"none","gene":"S","colourLines":false,"residue":"681"}
node_231706	MA	55	2021-07-15	2021-08-24	AY.7.2,21A(Delta)	CA	0.130548	0.927025	https://cov2tree.org/?protoUrl=https://raw.githubusercontent.com/jmcbroome/introduction-website/main/data/cview.pb&search=[{"id":0.123,"category":"country","value":"node_231706","enabled":true,"aa_final":"any","min_tips":1,"aa_gene":"S","search_for_ids":""}]&colourBy={"variable":"none","gene":"S","colourLines":false,"residue":"681"}
node_129870	MA	917	2021-01-24	2021-06-10	20I(Alpha,V1),B.1.1.7	indeterminate	0	0.917637	https://cov2tree.org/?protoUrl=https://raw.githubusercontent.com/jmcbroome/introduction-website/main/data/cview.pb&search=[{"id":0.123,"category":"country","value":"node_129870","enabled":true,"aa_final":"any","min_tips":1,"aa_gene":"S","search_for_ids":""}]&colourBy={"variable":"none","gene":"S","colourLines":false,"residue":"681"}
node_256871	MA	20	2021-08-03	2021-08-18	21A(Delta),B.1.617.2	FL	0.2711	0.894427	https://cov2tree.org/?protoUrl=https://raw.githubusercontent.com/jmcbroome/introduction-website/main/data/cview.pb&search=[{"id":0.123,"category":"country","value":"node_256871","enabled":true,"aa_final":"any","min_tips":1,"aa_gene":"S","search_for_ids":""}]&colourBy={"variable":"none","gene":"S","colourLines":false,"residue":"681"}
node_231323	MA	7	2021-08-18	2021-08-24	AY.7.2,21A(Delta)	WA	0.294118	0.881917	https://cov2tree.org/?protoUrl=https://raw.githubusercontent.com/jmcbroome/introduction-website/main/data/cview.pb&search=[{"id":0.123,"category":"country","value":"node_231323","enabled":true,"aa_final":"any","min_tips":1,"aa_gene":"S","search_for_ids":""}]&colourBy={"variable":"none","gene":"S","colourLines":false,"residue":"681"}
node_230488	MA	7	2021-08-18	2021-08-23	AY.7.2,21A(Delta)	FL	0.357143	0.881917	https://cov2tree.org/?protoUrl=https://raw.githubusercontent.com/jmcbroome/introduction-website/main/data/cview.pb&search=[{"id":0.123,"category":"country","value":"node_230488","enabled":true,"aa_final":"any","min_tips":1,"aa_gene":"S","search_for_ids":""}]&colourBy={"variable":"none","gene":"S","colourLines":false,"residue":"681"}
node_231986	MA	7	2021-08-19	2021-08-24	AY.7.2,21A(Delta)	FL	0.254237	0.881917	https://cov2tree.org/?protoUrl=https://raw.githubusercontent.com/jmcbroome/introduction-website/main/data/cview.pb&search=[{"id":0.123,"category":"country","value":"node_231986","enabled":true,"aa_final":"any","min_tips":1,"aa_gene":"S","search_for_ids":""}]&colourBy={"variable":"none","gene":"S","colourLines":false,"residue":"681"}
node_227226	MA	7	2021-08-19	2021-08-24	AY.7.2,21A(Delta)	indeterminate	0	0.881917	https://cov2tree.org/?protoUrl=https://raw.githubusercontent.com/jmcbroome/introduction-website/main/data/cview.pb&search=[{"id":0.123,"category":"country","value":"node_227226","enabled":true,"aa_final":"any","min_tips":1,"aa_gene":"S","search_for_ids":""}]&colourBy={"variable":"none","gene":"S","colourLines":false,"residue":"681"}
node_217683	MA	7	2021-08-18	2021-08-23	AY.14,21A(Delta)	CA	0.736264	0.881917	https://cov2tree.org/?protoUrl=https://raw.githubusercontent.com/jmcbroome/introduction-website/main/data/cview.pb&search=[{"id":0.123,"category":"country","value":"node_217683","enabled":true,"aa_final":"any","min_tips":1,"aa_gene":"S","search_for_ids":""}]&colourBy={"variable":"none","gene":"S","colourLines":false,"residue":"681"}
node_250102	MA	28	2021-07-27	2021-08-18	21A(Delta),B.1.617.2	CA	0.302135	0.881917	https://cov2tree.org/?protoUrl=https://raw.githubusercontent.com/jmcbroome/introduction-website/main/data/cview.pb&search=[{"id":0.123,"category":"country","value":"node_250102","enabled":true,"aa_final":"any","min_tips":1,"aa_gene":"S","search_for_ids":""}]&colourBy={"variable":"none","gene":"S","colourLines":false,"residue":"681"}
node_240903	MA	19	2021-08-03	2021-08-17	AY.3,21A(Delta)	NJ	0.35434	0.87178	https://cov2tree.org/?protoUrl=https://raw.githubusercontent.com/jmcbroome/introduction-website/main/data/cview.pb&search=[{"id":0.123,"category":"country","value":"node_240903","enabled":true,"aa_final":"any","min_tips":1,"aa_gene":"S","search_for_ids":""}]&colourBy={"variable":"none","gene":"S","colourLines":false,"residue":"681"}
node_219840	MA	12	2021-08-10	2021-08-18	21A(Delta),B.1.617.2	FL	0.21875	0.866025	https://cov2tree.org/?protoUrl=https://raw.githubusercontent.com/jmcbroome/introduction-website/main/data/cview.pb&search=[{"id":0.123,"category":"country","value":"node_219840","enabled":true,"aa_final":"any","min_tips":1,"aa_gene":"S","search_for_ids":""}]&colourBy={"variable":"none","gene":"S","colourLines":false,"residue":"681"}
node_240163	MA	26	2021-07-29	2021-08-18	AY.3,21A(Delta)	IL	0.11277	0.849837	https://cov2tree.org/?protoUrl=https://raw.githubusercontent.com/jmcbroome/introduction-website/main/data/cview.pb&search=[{"id":0.123,"category":"country","value":"node_240163","enabled":true,"aa_final":"any","min_tips":1,"aa_gene":"S","search_for_ids":""}]&colourBy={"variable":"none","gene":"S","colourLines":false,"residue":"681"}
node_231913	MA	6	2021-08-19	2021-08-24	AY.7.2,21A(Delta)	FL	0.447154	0.816497	https://cov2tree.org/?protoUrl=https://raw.githubusercontent.com/jmcbroome/introduction-website/main/data/cview.pb&search=[{"id":0.123,"category":"country","value":"node_231913","enabled":true,"aa_final":"any","min_tips":1,"aa_gene":"S","search_for_ids":""}]&colourBy={"variable":"none","gene":"S","colourLines":false,"residue":"681"}
node_232557	MA	6	2021-08-19	2021-08-24	AY.7.2,21A(Delta)	TN	0.0970797	0.816497	https://cov2tree.org/?protoUrl=https://raw.githubusercontent.com/jmcbroome/introduction-website/main/data/cview.pb&search=[{"id":0.123,"category":"country","value":"node_232557","enabled":true,"aa_final":"any","min_tips":1,"aa_gene":"S","search_for_ids":""}]&colourBy={"variable":"none","gene":"S","colourLines":false,"residue":"681"}
node_230527	MA	6	2021-08-19	2021-08-21	AY.7.2,21A(Delta)	NJ	0.64	0.816497	https://cov2tree.org/?protoUrl=https://raw.githubusercontent.com/jmcbroome/introduction-website/main/data/cview.pb&search=[{"id":0.123,"category":"country","value":"node_230527","enabled":true,"aa_final":"any","min_tips":1,"aa_gene":"S","search_for_ids":""}]&colourBy={"variable":"none","gene":"S","colourLines":false,"residue":"681"}
node_229642	MA	6	2021-08-17	2021-08-24	AY.7.2,21A(Delta)	TX	0.541667	0.816497	https://cov2tree.org/?protoUrl=https://raw.githubusercontent.com/jmcbroome/introduction-website/main/data/cview.pb&search=[{"id":0.123,"category":"country","value":"node_229642","enabled":true,"aa_final":"any","min_tips":1,"aa_gene":"S","search_for_ids":""}]&colourBy={"variable":"none","gene":"S","colourLines":false,"residue":"681"}
node_224056	MA	6	2021-08-19	2021-08-22	AY.7.2,21A(Delta)	FL	0.233533	0.816497	https://cov2tree.org/?protoUrl=https://raw.githubusercontent.com/jmcbroome/introduction-website/main/data/cview.pb&search=[{"id":0.123,"category":"country","value":"node_224056","enabled":true,"aa_final":"any","min_tips":1,"aa_gene":"S","search_for_ids":""}]&colourBy={"variable":"none","gene":"S","colourLines":false,"residue":"681"}
node_232229	MA	6	2021-08-19	2021-08-23	AY.7.2,21A(Delta)	NC	0.181818	0.816497	https://cov2tree.org/?protoUrl=https://raw.githubusercontent.com/jmcbroome/introduction-website/main/data/cview.pb&search=[{"id":0.123,"category":"country","value":"node_232229","enabled":true,"aa_final":"any","min_tips":1,"aa_gene":"S","search_for_ids":""}]&colourBy={"variable":"none","gene":"S","colourLines":false,"residue":"681"}
node_232334	MA	6	2021-08-19	2021-08-24	AY.7.2,21A(Delta)	TX	0.358974	0.816497	https://cov2tree.org/?protoUrl=https://raw.githubusercontent.com/jmcbroome/introduction-website/main/data/cview.pb&search=[{"id":0.123,"category":"country","value":"node_232334","enabled":true,"aa_final":"any","min_tips":1,"aa_gene":"S","search_for_ids":""}]&colourBy={"variable":"none","gene":"S","colourLines":false,"residue":"681"}
node_224021	MA	6	2021-08-18	2021-08-21	AY.7.2,21A(Delta)	CA	0.459909	0.816497	https://cov2tree.org/?protoUrl=https://raw.githubusercontent.com/jmcbroome/introduction-website/main/data/cview.pb&search=[{"id":0.123,"category":"country","value":"node_224021","enabled":true,"aa_final":"any","min_tips":1,"aa_gene":"S","search_for_ids":""}]&colourBy={"variable":"none","gene":"S","colourLines":false,"residue":"681"}
node_244646	MA	42	2021-07-19	2021-08-16	21A(Delta),B.1.617.2	CA	0.0850582	0.810093	https://cov2tree.org/?protoUrl=https://raw.githubusercontent.com/jmcbroome/introduction-website/main/data/cview.pb&search=[{"id":0.123,"category":"country","value":"node_244646","enabled":true,"aa_final":"any","min_tips":1,"aa_gene":"S","search_for_ids":""}]&colourBy={"variable":"none","gene":"S","colourLines":false,"residue":"681"}
node_64063	MA	487	2021-02-23	2021-08-10	20J(Gamma,V3),P.1	CA	0.116004	0.788146	https://cov2tree.org/?protoUrl=https://raw.githubusercontent.com/jmcbroome/introduction-website/main/data/cview.pb&search=[{"id":0.123,"category":"country","value":"node_64063","enabled":true,"aa_final":"any","min_tips":1,"aa_gene":"S","search_for_ids":""}]&colourBy={"variable":"none","gene":"S","colourLines":false,"residue":"681"}
node_221308	MA	22	2021-07-29	2021-08-18	21A(Delta),B.1.617.2	CA	0.697888	0.781736	https://cov2tree.org/?protoUrl=https://raw.githubusercontent.com/jmcbroome/introduction-website/main/data/cview.pb&search=[{"id":0.123,"category":"country","value":"node_221308","enabled":true,"aa_final":"any","min_tips":1,"aa_gene":"S","search_for_ids":""}]&colourBy={"variable":"none","gene":"S","colourLines":false,"residue":"681"}
node_237704	MA	21	2021-07-29	2021-08-17	21A(Delta),B.1.617.2	NY	0.286585	0.763763	https://cov2tree.org/?protoUrl=https://raw.githubusercontent.com/jmcbroome/introduction-website/main/data/cview.pb&search=[{"id":0.123,"category":"country","value":"node_237704","enabled":true,"aa_final":"any","min_tips":1,"aa_gene":"S","search_for_ids":""}]&colourBy={"variable":"none","gene":"S","colourLines":false,"residue":"681"}
node_246354	MA	21	2021-07-30	2021-08-16	AY.25,21A(Delta)	CA	0.182979	0.763763	https://cov2tree.org/?protoUrl=https://raw.githubusercontent.com/jmcbroome/introduction-website/main/data/cview.pb&search=[{"id":0.123,"category":"country","value":"node_246354","enabled":true,"aa_final":"any","min_tips":1,"aa_gene":"S","search_for_ids":""}]&colourBy={"variable":"none","gene":"S","colourLines":false,"residue":"681"}
node_246344	MA	9	2021-08-10	2021-08-18	AY.25,21A(Delta)	NY	0.231638	0.75	https://cov2tree.org/?protoUrl=https://raw.githubusercontent.com/jmcbroome/introduction-website/main/data/cview.pb&search=[{"id":0.123,"category":"country","value":"node_246344","enabled":true,"aa_final":"any","min_tips":1,"aa_gene":"S","search_for_ids":""}]&colourBy={"variable":"none","gene":"S","colourLines":false,"residue":"681"}
node_234384	MA	9	2021-08-11	2021-08-17	21A(Delta),B.1.617.2	CA	0.376307	0.75	https://cov2tree.org/?protoUrl=https://raw.githubusercontent.com/jmcbroome/introduction-website/main/data/cview.pb&search=[{"id":0.123,"category":"country","value":"node_234384","enabled":true,"aa_final":"any","min_tips":1,"aa_gene":"S","search_for_ids":""}]&colourBy={"variable":"none","gene":"S","colourLines":false,"residue":"681"}
node_289647	MA	14	2021-08-05	2021-08-18	21A(Delta),B.1.617.2	NY	0.254237	0.748331	https://cov2tree.org/?protoUrl=https://raw.githubusercontent.com/jmcbroome/introduction-website/main/data/cview.pb&search=[{"id":0.123,"category":"country","value":"node_289647","enabled":true,"aa_final":"any","min_tips":1,"aa_gene":"S","search_for_ids":""}]&colourBy={"variable":"none","gene":"S","colourLines":false,"residue":"681"}
node_232216	MA	5	2021-08-19	2021-08-24	AY.7.2,21A(Delta)	CA	0.257143	0.745356	https://cov2tree.org/?protoUrl=https://raw.githubusercontent.com/jmcbroome/introduction-website/main/data/cview.pb&search=[{"id":0.123,"category":"country","value":"node_232216","enabled":true,"aa_final":"any","min_tips":1,"aa_gene":"S","search_for_ids":""}]&colourBy={"variable":"none","gene":"S","colourLines":false,"residue":"681"}
node_232474	MA	5	2021-08-19	2021-08-21	AY.7.2,21A(Delta)	TN	0.0970797	0.745356	https://cov2tree.org/?protoUrl=https://raw.githubusercontent.com/jmcbroome/introduction-website/main/data/cview.pb&search=[{"id":0.123,"category":"country","value":"node_232474","enabled":true,"aa_final":"any","min_tips":1,"aa_gene":"S","search_for_ids":""}]&colourBy={"variable":"none","gene":"S","colourLines":false,"residue":"681"}
node_229702	MA	5	2021-08-22	2021-08-24	AY.7.2,21A(Delta)	FL	0.333333	0.745356	https://cov2tree.org/?protoUrl=https://raw.githubusercontent.com/jmcbroome/introduction-website/main/data/cview.pb&search=[{"id":0.123,"category":"country","value":"node_229702","enabled":true,"aa_final":"any","min_tips":1,"aa_gene":"S","search_for_ids":""}]&colourBy={"variable":"none","gene":"S","colourLines":false,"residue":"681"}
node_232873	MA	5	2021-08-20	2021-08-21	AY.7.2,21A(Delta)	indeterminate	0	0.745356	https://cov2tree.org/?protoUrl=https://raw.githubusercontent.com/jmcbroome/introduction-website/main/data/cview.pb&search=[{"id":0.123,"category":"country","value":"node_232873","enabled":true,"aa_final":"any","min_tips":1,"aa_gene":"S","search_for_ids":""}]&colourBy={"variable":"none","gene":"S","colourLines":false,"residue":"681"}
node_242751	MA	20	2021-08-02	2021-08-16	AY.3,21A(Delta)	TX	0.278746	0.745356	https://cov2tree.org/?protoUrl=https://raw.githubusercontent.com/jmcbroome/introduction-website/main/data/cview.pb&search=[{"id":0.123,"category":"country","value":"node_242751","enabled":true,"aa_final":"any","min_tips":1,"aa_gene":"S","search_for_ids":""}]&colourBy={"variable":"none","gene":"S","colourLines":false,"residue":"681"}
node_211896	MA	5	2021-08-18	2021-08-18	AY.9,21A(Delta)	WI	0.256894	0.745356	https://cov2tree.org/?protoUrl=https://raw.githubusercontent.com/jmcbroome/introduction-website/main/data/cview.pb&search=[{"id":0.123,"category":"country","value":"node_211896","enabled":true,"aa_final":"any","min_tips":1,"aa_gene":"S","search_for_ids":""}]&colourBy={"variable":"none","gene":"S","colourLines":false,"residue":"681"}
node_232281	MA	5	2021-08-17	2021-08-23	AY.7.2,21A(Delta)	AZ	0.117845	0.745356	https://cov2tree.org/?protoUrl=https://raw.githubusercontent.com/jmcbroome/introduction-website/main/data/cview.pb&search=[{"id":0.123,"category":"country","value":"node_232281","enabled":true,"aa_final":"any","min_tips":1,"aa_gene":"S","search_for_ids":""}]&colourBy={"variable":"none","gene":"S","colourLines":false,"residue":"681"}
node_220280	MA	5	2021-08-19	2021-08-21	21A(Delta),B.1.617.2	FL	0.384615	0.745356	https://cov2tree.org/?protoUrl=https://raw.githubusercontent.com/jmcbroome/introduction-website/main/data/cview.pb&search=[{"id":0.123,"category":"country","value":"node_220280","enabled":true,"aa_final":"any","min_tips":1,"aa_gene":"S","search_for_ids":""}]&colourBy={"variable":"none","gene":"S","colourLines":false,"residue":"681"}
node_217486	MA	5	2021-08-21	2021-08-24	AY.14,21A(Delta)	VT	0.106525	0.745356	https://cov2tree.org/?protoUrl=https://raw.githubusercontent.com/jmcbroome/introduction-website/main/data/cview.pb&search=[{"id":0.123,"category":"country","value":"node_217486","enabled":true,"aa_final":"any","min_tips":1,"aa_gene":"S","search_for_ids":""}]&colourBy={"variable":"none","gene":"S","colourLines":false,"residue":"681"}
node_229662	MA	5	2021-08-20	2021-08-21	AY.7.2,21A(Delta)	AL	0.765957	0.745356	https://cov2tree.org/?protoUrl=https://raw.githubusercontent.com/jmcbroome/introduction-website/main/data/cview.pb&search=[{"id":0.123,"category":"country","value":"node_229662","enabled":true,"aa_final":"any","min_tips":1,"aa_gene":"S","search_for_ids":""}]&colourBy={"variable":"none","gene":"S","colourLines":false,"residue":"681"}
node_255907	MA	34	2021-07-13	2021-08-18	21A(Delta),B.1.617.2	AL	0.696356	0.728869	https://cov2tree.org/?protoUrl=https://raw.githubusercontent.com/jmcbroome/introduction-website/main/data/cview.pb&search=[{"id":0.123,"category":"country","value":"node_255907","enabled":true,"aa_final":"any","min_tips":1,"aa_gene":"S","search_for_ids":""}]&colourBy={"variable":"none","gene":"S","colourLines":false,"residue":"681"}
node_246553	MA	34	2021-07-16	2021-08-17	AY.25,21A(Delta)	GA	0.209195	0.728869	https://cov2tree.org/?protoUrl=https://raw.githubusercontent.com/jmcbroome/introduction-website/main/data/cview.pb&search=[{"id":0.123,"category":"country","value":"node_246553","enabled":true,"aa_final":"any","min_tips":1,"aa_gene":"S","search_for_ids":""}]&colourBy={"variable":"none","gene":"S","colourLines":false,"residue":"681"}
node_43723	MA	26	2021-07-22	2021-08-21	B.1.626,20C	RI	0.197368	0.728431	https://cov2tree.org/?protoUrl=https://raw.githubusercontent.com/jmcbroome/introduction-website/main/data/cview.pb&search=[{"id":0.123,"category":"country","value":"node_43723","enabled":true,"aa_final":"any","min_tips":1,"aa_gene":"S","search_for_ids":""}]&colourBy={"variable":"none","gene":"S","colourLines":false,"residue":"681"}
node_246086	MA	19	2021-07-28	2021-08-18	AY.25,21A(Delta)	FL	0.333333	0.726483	https://cov2tree.org/?protoUrl=https://raw.githubusercontent.com/jmcbroome/introduction-website/main/data/cview.pb&search=[{"id":0.123,"category":"country","value":"node_246086","enabled":true,"aa_final":"any","min_tips":1,"aa_gene":"S","search_for_ids":""}]&colourBy={"variable":"none","gene":"S","colourLines":false,"residue":"681"}
node_236984	MA	13	2021-08-04	2021-08-16	21A(Delta),B.1.617.2	AL	0.0958904	0.72111	https://cov2tree.org/?protoUrl=https://raw.githubusercontent.com/jmcbroome/introduction-website/main/data/cview.pb&search=[{"id":0.123,"category":"country","value":"node_236984","enabled":true,"aa_final":"any","min_tips":1,"aa_gene":"S","search_for_ids":""}]&colourBy={"variable":"none","gene":"S","colourLines":false,"residue":"681"}
node_248156	MA	13	2021-08-03	2021-08-18	21A(Delta),B.1.617.2	FL	0.451613	0.72111	https://cov2tree.org/?protoUrl=https://raw.githubusercontent.com/jmcbroome/introduction-website/main/data/cview.pb&search=[{"id":0.123,"category":"country","value":"node_248156","enabled":true,"aa_final":"any","min_tips":1,"aa_gene":"S","search_for_ids":""}]&colourBy={"variable":"none","gene":"S","colourLines":false,"residue":"681"}
node_240905	MA	13	2021-08-03	2021-08-14	AY.3,21A(Delta)	NJ	0.35434	0.72111	https://cov2tree.org/?protoUrl=https://raw.githubusercontent.com/jmcbroome/introduction-website/main/data/cview.pb&search=[{"id":0.123,"category":"country","value":"node_240905","enabled":true,"aa_final":"any","min_tips":1,"aa_gene":"S","search_for_ids":""}]&colourBy={"variable":"none","gene":"S","colourLines":false,"residue":"681"}
node_213756	MA	61	2021-06-24	2021-08-13	AY.9,21A(Delta)	TX	0.380282	0.710023	https://cov2tree.org/?protoUrl=https://raw.githubusercontent.com/jmcbroome/introduction-website/main/data/cview.pb&search=[{"id":0.123,"category":"country","value":"node_213756","enabled":true,"aa_final":"any","min_tips":1,"aa_gene":"S","search_for_ids":""}]&colourBy={"variable":"none","gene":"S","colourLines":false,"residue":"681"}
node_232286	MA	2	2021-08-24	2021-08-24	AY.7.2,21A(Delta)	AZ	0.117845	0.707107	https://cov2tree.org/?protoUrl=https://raw.githubusercontent.com/jmcbroome/introduction-website/main/data/cview.pb&search=[{"id":0.123,"category":"country","value":"node_232286","enabled":true,"aa_final":"any","min_tips":1,"aa_gene":"S","search_for_ids":""}]&colourBy={"variable":"none","gene":"S","colourLines":false,"residue":"681"}
node_231842	MA	2	2021-08-24	2021-08-24	AY.7.2,21A(Delta)	TX	0.714286	0.707107	https://cov2tree.org/?protoUrl=https://raw.githubusercontent.com/jmcbroome/introduction-website/main/data/cview.pb&search=[{"id":0.123,"category":"country","value":"node_231842","enabled":true,"aa_final":"any","min_tips":1,"aa_gene":"S","search_for_ids":""}]&colourBy={"variable":"none","gene":"S","colourLines":false,"residue":"681"}
node_232297	MA	2	2021-08-24	2021-08-24	AY.7.2,21A(Delta)	AZ	0.117845	0.707107	https://cov2tree.org/?protoUrl=https://raw.githubusercontent.com/jmcbroome/introduction-website/main/data/cview.pb&search=[{"id":0.123,"category":"country","value":"node_232297","enabled":true,"aa_final":"any","min_tips":1,"aa_gene":"S","search_for_ids":""}]&colourBy={"variable":"none","gene":"S","colourLines":false,"residue":"681"}
node_223977	MA	2	2021-08-24	2021-08-24	AY.7.2,21A(Delta)	TN	0.294118	0.707107	https://cov2tree.org/?protoUrl=https://raw.githubusercontent.com/jmcbroome/introduction-website/main/data/cview.pb&search=[{"id":0.123,"category":"country","value":"node_223977","enabled":true,"aa_final":"any","min_tips":1,"aa_gene":"S","search_for_ids":""}]&colourBy={"variable":"none","gene":"S","colourLines":false,"residue":"681"}
node_231923	MA	2	2021-08-24	2021-08-24	AY.7.2,21A(Delta)	FL	0.570983	0.707107	https://cov2tree.org/?protoUrl=https://raw.githubusercontent.com/jmcbroome/introduction-website/main/data/cview.pb&search=[{"id":0.123,"category":"country","value":"node_231923","enabled":true,"aa_final":"any","min_tips":1,"aa_gene":"S","search_for_ids":""}]&colourBy={"variable":"none","gene":"S","colourLines":false,"residue":"681"}
node_224170	MA	2	2021-08-24	2021-08-24	AY.7.2,21A(Delta)	FL	0.318182	0.707107	https://cov2tree.org/?protoUrl=https://raw.githubusercontent.com/jmcbroome/introduction-website/main/data/cview.pb&search=[{"id":0.123,"category":"country","value":"node_224170","enabled":true,"aa_final":"any","min_tips":1,"aa_gene":"S","search_for_ids":""}]&colourBy={"variable":"none","gene":"S","colourLines":false,"residue":"681"}
node_231932	MA	2	2021-08-24	2021-08-24	AY.7.2,21A(Delta)	CA	0.264151	0.707107	https://cov2tree.org/?protoUrl=https://raw.githubusercontent.com/jmcbroome/introduction-website/main/data/cview.pb&search=[{"id":0.123,"category":"country","value":"node_231932","enabled":true,"aa_final":"any","min_tips":1,"aa_gene":"S","search_for_ids":""}]&colourBy={"variable":"none","gene":"S","colourLines":false,"residue":"681"}
node_232880	MA	2	2021-08-24	2021-08-24	AY.7.2,21A(Delta)	indeterminate	0	0.707107	https://cov2tree.org/?protoUrl=https://raw.githubusercontent.com/jmcbroome/introduction-website/main/data/cview.pb&search=[{"id":0.123,"category":"country","value":"node_232880","enabled":true,"aa_final":"any","min_tips":1,"aa_gene":"S","search_for_ids":""}]&colourBy={"variable":"none","gene":"S","colourLines":false,"residue":"681"}
node_212489	MA	60	2021-06-28	2021-08-18	AY.9,21A(Delta)	FL	0.400593	0.704179	https://cov2tree.org/?protoUrl=https://raw.githubusercontent.com/jmcbroome/introduction-website/main/data/cview.pb&search=[{"id":0.123,"category":"country","value":"node_212489","enabled":true,"aa_final":"any","min_tips":1,"aa_gene":"S","search_for_ids":""}]&colourBy={"variable":"none","gene":"S","colourLines":false,"residue":"681"}
node_114913	MA	376	2021-02-25	2021-05-31	20I(Alpha,V1),B.1.1.7	indeterminate	0	0.692526	https://cov2tree.org/?protoUrl=https://raw.githubusercontent.com/jmcbroome/introduction-website/main/data/cview.pb&search=[{"id":0.123,"category":"country","value":"node_114913","enabled":true,"aa_final":"any","min_tips":1,"aa_gene":"S","search_for_ids":""}]&colourBy={"variable":"none","gene":"S","colourLines":false,"residue":"681"}
node_232121	MA	23	2021-07-20	2021-08-24	AY.7.2,21A(Delta)	CO	0.22449	0.685119	https://cov2tree.org/?protoUrl=https://raw.githubusercontent.com/jmcbroome/introduction-website/main/data/cview.pb&search=[{"id":0.123,"category":"country","value":"node_232121","enabled":true,"aa_final":"any","min_tips":1,"aa_gene":"S","search_for_ids":""}]&colourBy={"variable":"none","gene":"S","colourLines":false,"residue":"681"}
node_61518	MA	310	2021-03-15	2021-07-06	20J(Gamma,V3),P.1	FL	0.154739	0.677185	https://cov2tree.org/?protoUrl=https://raw.githubusercontent.com/jmcbroome/introduction-website/main/data/cview.pb&search=[{"id":0.123,"category":"country","value":"node_61518","enabled":true,"aa_final":"any","min_tips":1,"aa_gene":"S","search_for_ids":""}]&colourBy={"variable":"none","gene":"S","colourLines":false,"residue":"681"}
node_216635	MA	163	2021-05-03	2021-08-05	21A(Delta),B.1.617.2	FL	0.0763861	0.671955	https://cov2tree.org/?protoUrl=https://raw.githubusercontent.com/jmcbroome/introduction-website/main/data/cview.pb&search=[{"id":0.123,"category":"country","value":"node_216635","enabled":true,"aa_final":"any","min_tips":1,"aa_gene":"S","search_for_ids":""}]&colourBy={"variable":"none","gene":"S","colourLines":false,"residue":"681"}
node_231008	MA	4	2021-08-19	2021-08-20	AY.7.2,21A(Delta)	CA	0.192661	0.666667	https://cov2tree.org/?protoUrl=https://raw.githubusercontent.com/jmcbroome/introduction-website/main/data/cview.pb&search=[{"id":0.123,"category":"country","value":"node_231008","enabled":true,"aa_final":"any","min_tips":1,"aa_gene":"S","search_for_ids":""}]&colourBy={"variable":"none","gene":"S","colourLines":false,"residue":"681"}
node_232570	MA	4	2021-08-19	2021-08-20	AY.7.2,21A(Delta)	GA	0.523809	0.666667	https://cov2tree.org/?protoUrl=https://raw.githubusercontent.com/jmcbroome/introduction-website/main/data/cview.pb&search=[{"id":0.123,"category":"country","value":"node_232570","enabled":true,"aa_final":"any","min_tips":1,"aa_gene":"S","search_for_ids":""}]&colourBy={"variable":"none","gene":"S","colourLines":false,"residue":"681"}
node_232295	MA	4	2021-08-19	2021-08-24	AY.7.2,21A(Delta)	AZ	0.117845	0.666667	https://cov2tree.org/?protoUrl=https://raw.githubusercontent.com/jmcbroome/introduction-website/main/data/cview.pb&search=[{"id":0.123,"category":"country","value":"node_232295","enabled":true,"aa_final":"any","min_tips":1,"aa_gene":"S","search_for_ids":""}]&colourBy={"variable":"none","gene":"S","colourLines":false,"residue":"681"}
node_231874	MA	4	2021-08-20	2021-08-20	AY.7.2,21A(Delta)	FL	0.570983	0.666667	https://cov2tree.org/?protoUrl=https://raw.githubusercontent.com/jmcbroome/introduction-website/main/data/cview.pb&search=[{"id":0.123,"category":"country","value":"node_231874","enabled":true,"aa_final":"any","min_tips":1,"aa_gene":"S","search_for_ids":""}]&colourBy={"variable":"none","gene":"S","colourLines":false,"residue":"681"}
node_232287	MA	4	2021-08-19	2021-08-23	AY.7.2,21A(Delta)	AZ	0.117845	0.666667	https://cov2tree.org/?protoUrl=https://raw.githubusercontent.com/jmcbroome/introduction-website/main/data/cview.pb&search=[{"id":0.123,"category":"country","value":"node_232287","enabled":true,"aa_final":"any","min_tips":1,"aa_gene":"S","search_for_ids":""}]&colourBy={"variable":"none","gene":"S","colourLines":false,"residue":"681"}
